1,4.8,73,1020.6,1,0,29
1,6.3,79,1018.4,1.4,0,21
1,9.5,70,1016.4,1,0,30
1,8.1,60,1021.5,2.5,0,22
1,3.5,87,1024,1.8,0,17
2,4.5,82,1024.3,1.3,0,16
2,7.5,96,1019,0.4,7.9,31
2,8,88,1022,4.2,9.1,21
2,4.4,60,1031.8,2.8,0,23
2,2.2,80,1032.4,0.8,0,18
2,5.7,91,1029.9,0.8,5.2,14
2,5.9,91,1030.2,1.9,6,20
3,5.2,73,1031.3,2.7,0,19
3,4.7,73,1031.3,2,0,28
3,3,75,1033.2,1.7,0,26
3,3.4,86,1028.9,1.7,0,16
3,3.4,90,1026.6,1.5,0,15
3,5.6,72,1032.6,2.9,0,24
3,4.4,79,1030.1,2,0,7
4,5.1,68,1026.9,1.8,0,10
4,3,55,1031.6,2.4,0,16
4,-0.4,76,1031,1.8,0,13
4,3.5,77,1025.2,1.6,0,15
4,10.7,70,1018.7,2.1,0,10
4,12.4,73,1018.7,2.8,0,8
4,7.7,70,1028.4,3.7,0,5
5,7.7,76,1024,1.3,0,7
5,9,79,1022.7,1.4,0,7
5,12.1,77,1020.1,1.6,0,8
5,11.2,86,1018.5,1.5,0.2,4
5,13.9,81,1019.5,2.6,0,3
5,17.7,77,1013.5,1.7,0,7
5,10.1,97,1011.5,1.6,0,5
6,8.7,92,1015.6,3.4,0.8,4
6,5.1,63,1025.6,3.4,0,4
6,6.5,72,1022,1.1,0,11
6,9.4,94,1015.8,1.4,2.1,10
6,7.5,96,1015.7,3.7,14.9,14
6,3.8,74,1020.8,3.5,0.1,8
6,2.4,81,1023.9,3.7,7.3,11
7,0.5,76,1027.8,5,1.7,19
7,1.1,66,1026.3,3.9,0,17
7,2,87,1025.8,2.3,2.7,12
7,5.5,80,1027.2,3.4,3.7,16
7,4.3,76,1027.7,2.3,4.1,15
7,4.1,83,1026.9,1.9,0,6
7,6.5,94,1022.5,1,13.7,18
8,8.1,90,1020.4,2.3,2.3,10
8,4.8,96,1022.6,3.1,41,12
8,3.1,85,1026.4,1.9,5.1,11
8,3.5,76,1030.7,2.2,0,16
8,3.1,85,1030.6,1.7,0,22
8,5.8,81,1028.5,1.5,0,13
8,6.1,86,1028.3,1.9,0,19
9,7.7,94,1025.6,0.9,7.6,17
9,11.2,97,1020.3,0.8,22.7,21
9,11.2,91,1020.7,2.4,8.3,9
9,11.2,89,1023.1,1.1,0,22
9,10.5,79,1020.3,1.7,0.2,15
9,7.5,96,1019.1,2.2,26,29
9,7,76,1023,3.4,1.7,23
10,9.4,75,1023.7,2.5,0,30
10,9.5,95,1020.4,1.2,8.5,31
10,8,75,1025.9,3,0,38
10,6.7,67,1027.7,1.8,0.2,33
10,7.1,65,1029.7,2.4,0,34
10,5.7,83,1025.1,1.7,8.6,37
10,6.4,86,1026.2,1.6,0,43
11,6.1,84,1028,1.5,0,98
11,10.2,76,1024,2.9,0,70
11,14.7,88,1013.5,2.2,1.4,66
11,8.2,66,1021.3,4,2.2,52
11,7.1,63,1025,1.1,0,51
11,12.2,49,1022.4,2.3,0,64
11,15.1,67,1020.3,2.6,0,95
12,19.5,65,1015.6,2.1,0,110
12,17.3,79,1015.6,1,0,91
12,11.6,94,1013.5,2.7,5.9,72
12,9.8,66,1022.5,3.7,0,64
12,9,51,1026.7,3,0,96
12,9.1,54,1025.6,2.5,0,103
12,13.1,65,1025.9,3.6,0,139
13,16.3,75,1020.1,2.4,0,197
13,18,78,1013.2,2.1,0.6,189
13,17.4,83,1013.1,1.3,0,140
13,15.5,80,1016.5,2.2,0,122
13,17,86,1012.2,2.7,14.5,114
13,18.9,89,1006.7,1.8,2,138
13,16,76,1015.3,1.7,0,156
14,13.1,76,1014.9,1.6,0,151
14,12.5,88,1014.7,0.7,3.9,227
14,14.6,85,1015.3,1.3,0,207
14,13.7,89,1016.1,1.9,0.5,193
14,13.5,50,1019.3,2.8,0,185
14,13,65,1018.8,2.2,0,177
14,11.9,50,1025,2.9,0,188
15,12,77,1019.3,2.2,3.5,256
15,15.1,86,1015.9,1.1,0.9,316
15,14.1,90,1016.6,1.3,0,286
15,16.6,70,1017.2,2.1,0,204
15,17.4,71,1014.3,2.7,0,158
15,19.2,85,1009.7,2.3,0.7,164
15,14.9,90,1015.6,3.3,0.6,187
16,15,72,1021.2,2,0.1,259
16,14.8,66,1019.1,3.1,0,235
16,17.9,87,1011.6,1.7,6.2,252
16,19.9,85,1009.3,1.5,0,261
16,16.2,86,1015.2,2,0.1,193
16,14.4,92,1013.8,1.6,7.9,184
16,14.1,92,1016.1,2.3,1.1,224
17,13.1,92,1015.8,1.3,9.6,257
17,13.8,86,1017.3,1.5,9.2,305
17,14.2,66,1017.2,1.8,0,295
17,14.9,89,1016.1,1.1,0.5,302
17,18.1,85,1017.2,1.9,3.6,229
17,19,88,1014.4,2.4,0.2,261
17,18.1,88,1013.8,2.5,16.6,253
18,18.1,69,1015.5,3,0,288
18,18.3,68,1014.6,3.1,0,222
18,17,72,1013.9,1.6,0,247
18,19.7,72,1014.2,1.7,0,254
18,21.8,61,1016.2,2.6,0,224
18,18.2,60,1020.4,2.9,0,193
18,16.4,77,1016.1,2,10.2,217
19,16.1,54,1020.9,2.9,3.6,203
19,15.6,49,1019.9,2.1,0,204
19,19.5,63,1012.3,2.4,0,188
19,19.4,76,1012.9,2.7,0,241
19,16.5,84,1014.9,1.8,0.2,179
19,19.5,89,1011.9,2.6,0.1,200
19,22.1,88,1006.8,3.2,8.4,172
20,20,75,1011.5,0.9,8.5,210
20,20,71,1008,2.5,0.2,208
20,22.4,86,1001,1.4,41,213
20,20.6,82,1006.1,2.3,0.6,225
20,21.5,69,1009.4,2.1,0,165
20,19.2,93,1008.6,1.9,18.6,181
20,18,96,1010.1,1.5,0.1,195
21,19.1,90,1009.3,0.5,9.3,261
21,21.6,81,1007,2.4,2.9,280
21,22.7,73,1008.9,2.2,0,232
21,21.5,73,1010.3,2.5,0.8,207
21,22.1,74,1014.7,3.8,0,185
21,22.4,84,1012.9,3.2,0,226
21,25.3,87,1007.6,1.2,7.2,245
22,24.7,81,1008.5,1.3,21.4,295
22,25.4,78,1005.1,1.1,0,238
22,26.8,59,1005.6,1.7,0,244
22,26.8,55,1007,1.4,0,180
22,25.7,56,1009.1,2.3,0,209
22,21.9,84,1010.5,2.8,1.2,192
22,22.7,89,1005.3,2.9,10.6,285
23,25.1,78,1001.6,2.2,0,216
23,22.8,68,1004.3,2.1,0,258
23,22,75,1004.1,1.6,0,242
23,21.6,83,1005,1.7,0,228
23,23.5,79,1004.6,2,0,247
23,24.8,77,1002.9,2.2,0,219
23,24.6,79,1004.6,2.5,0,215
24,23.9,77,1005.5,2.8,0,233
24,23.1,82,1005.6,2.6,0,251
24,22.4,79,1006,2.4,0,237
24,22.7,79,1006,1.9,0,210
24,24.2,70,1007.1,2.1,0,214
24,26,61,1007.7,2,0,224
24,25.6,73,1006.4,2.3,0,221
25,24.9,86,1003,2.2,0.5,280
25,23.9,92,1001.1,2.6,19.3,206
25,23,85,1005.1,2,0.1,226
25,24.1,82,1004.4,2.2,0,217
25,24.4,94,1002.1,1.4,25.4,214
25,23.9,97,1002.8,2.1,18.5,216
25,21.5,95,1007.1,1.7,75.3,242
26,21.5,95,1007.1,1,6.5,273
26,22.5,88,1007,1.6,0.1,229
26,22.3,91,1006.1,1.6,11.1,250
26,24,93,1003.9,1.4,4.3,232
26,22.9,97,1005,1.3,54.1,183
26,21.2,94,1007.2,1.4,8.8,184
26,22.3,85,1007.9,0.8,0,204
27,21.6,94,1009.9,0.8,9.5,218
27,23.4,91,1008.7,1.2,0,265
27,27.4,83,1003.1,1.5,0.4,277
27,25.6,86,1003.2,1.1,5.6,208
27,25.6,82,1005.4,2.7,3.4,206
27,27.4,85,1003.8,1.6,2.1,215
27,26.2,87,1004.1,1.5,1.2,227
28,25,84,1004.8,1.1,0,211
28,24.8,89,1001.3,3,0.2,179
28,28,77,998.4,4.8,0,195
28,28.6,79,1001.9,1.4,0,178
28,29.9,76,1002.6,1.6,0,180
28,30.4,81,1001.9,2,10.8,187
28,24.4,95,1005.3,1,39,185
29,25.3,89,1008,1.6,25.8,185
29,26.2,91,1008,1.1,0.3,151
29,27.9,83,1008.6,1,3.6,137
29,28.7,81,1008.9,2.7,0,160
29,29.7,77,1009.6,2.7,0,153
29,29.3,79,1010.3,2.3,0,158
29,29.9,77,1008.8,2.3,0,128
30,29.9,75,1006.4,2.6,0,140
30,30.1,74,1005.4,2.9,0,132
30,30.2,77,1003.1,3.3,0,129
30,30.2,74,999.1,4.3,0,125
30,30.4,70,1002.3,4.1,0,113
30,29,83,1008.9,1.6,96.3,93
30,26.1,91,1008.9,1.1,17.8,100
31,27.1,87,1006.5,0.9,1.7,98
31,29,78,1006.2,2.8,0,98
31,29.5,79,1005.9,2.4,0,83
31,28.5,86,1002.3,4.2,0.9,87
31,26.8,89,996.1,4.6,7.7,73
31,26.4,87,996.2,3.6,2.4,84
31,29.8,73,1000.6,2,0.7,75
32,30.3,78,1002.2,2,0,80
32,30.6,73,1003.3,1.7,0,60
32,29.6,75,1003,2.2,0,85
32,29.5,75,1002,2.1,0,79
32,28.1,85,1002.1,1.1,1.8,67
32,27.5,84,1003.1,0.7,4.4,68
32,27.4,81,1003.1,2.3,0,74
33,26.8,77,1003.9,2.2,0,59
33,26.3,77,1004.5,1.6,0,65
33,27.8,77,1003.7,2.3,0,63
33,26.2,88,1004.8,2,0.1,54
33,24.9,90,1009.7,1.3,5.6,53
33,23.6,97,1009,0.9,38.2,49
33,25.3,90,1006.1,1.6,2.1,44
34,23.2,96,1009.7,1.5,50.2,47
34,23.3,97,1010.4,1.3,51.7,44
34,23.5,94,1008.5,1.7,40.9,54
34,24.6,88,1010.3,1,0,36
34,26.8,87,1009.7,1.4,9.3,49
34,27.6,87,1007.7,1.1,1.3,50
34,29.3,83,1006,2.1,0,53
35,26.7,82,1009.9,1.1,0,49
35,25.2,88,1013.4,1.4,8.6,55
35,25.5,90,1013.3,1.4,24.5,58
35,26.1,89,1013.2,1.5,0.1,64
35,26.8,88,1012.7,0.6,12.6,65
35,26,83,1012.6,1.6,13.3,44
35,25.8,87,1009.7,1.2,26.3,58
36,27.5,83,1008.6,1.6,0.8,84
36,28.1,77,1008.5,3,0,45
36,23.8,92,1007.8,0.7,13.6,54
36,24.2,81,1009.9,1.5,0,53
36,24.9,81,1010,1.7,0,66
36,26.4,84,1009.8,1.7,0,81
36,26,85,1008.8,1.6,0,79
37,25.9,81,1007.7,1.6,0,74
37,24.4,93,1007.8,1.3,89.6,94
37,25,90,1010.1,0.8,0.3,82
37,23.9,84,1011.8,1.6,3.9,87
37,25.9,84,1008.2,1.3,0.1,66
37,23.9,95,1008.6,2.5,48.8,91
37,25,84,1011.1,2.6,0.1,125
38,24.9,77,1012.6,2.3,0,122
38,25,76,1014.1,1.9,0,110
38,25.7,81,1014.4,1.8,0,85
38,23.1,87,1014.4,2,17.6,120
38,19.9,95,1012.5,1.7,29.9,113
38,20.9,91,1010.7,1.4,11.8,151
38,22.2,86,1011.8,2.4,16.4,133
39,23.7,92,1007.4,5.7,21.6,151
39,24.1,90,1002.9,3.7,35.6,148
39,23.8,86,1012,1.5,0,128
39,22.9,82,1015,1.2,0,148
39,23.2,84,1013.6,0.8,0,150
39,24.6,83,1013.8,1,0,148
39,25.6,80,1012.4,2.2,0,170
40,26.8,79,1010.1,2,0.4,135
40,22.2,85,1016.3,3,4.1,124
40,19.8,78,1016.2,1.7,0,171
40,21.8,75,1012,1.8,0,158
40,22.2,72,1014.1,3.3,0,142
40,21,68,1015.9,3.5,0,166
40,22.2,72,1017.1,3.3,0,179
41,21.4,66,1020.5,3.5,0,163
41,20,66,1020.6,2.5,0,128
41,19.3,78,1019.1,1.9,0,113
41,19.6,84,1017.1,1.8,0,90
41,21.6,84,1016.1,3,2.1,84
41,22.6,81,1015.9,4.4,0,93
41,21.6,72,1013.7,6,0,76
42,19.1,57,1018.2,5.3,0,77
42,16,57,1020.9,2.4,0,100
42,14.3,72,1020.5,1.7,0,122
42,16.2,71,1022.7,1,0,117
42,19,71,1021.9,1.5,0,124
42,19.3,73,1020.4,1.7,0,110
42,21,74,1017.9,2.1,0,107
43,23.6,70,1014.5,1.6,0,119
43,23.7,77,1013.8,2.3,1.1,88
43,19.7,71,1021,3.1,0,74
43,17.3,81,1020.6,1.6,0,91
43,17,81,1018.8,1.5,0,98
43,18.5,79,1018.2,1.4,0,127
43,19.6,85,1018,1.7,0,117
44,18.1,84,1023.2,2.8,0,125
44,18.6,68,1023.7,1.6,0,131
44,18.9,76,1021.2,1.5,0,90
44,22.2,72,1017.5,1.9,0,95
44,22,88,1014.9,1.3,3.5,88
44,18.8,86,1016.4,1.9,1.5,95
44,16.9,70,1019.9,2.4,1.6,82
45,13.6,60,1023,2.3,0,104
45,12.2,77,1021.5,1.5,0,118
45,15.4,77,1019,0.7,0,142
45,16.6,75,1021.5,2.3,0,123
45,16.3,72,1024.6,2.3,0,77
45,15.4,87,1023.2,1.8,17.7,89
45,15.1,80,1024.3,2,1.9,97
46,15.8,73,1022.3,1.8,0,100
46,15.7,73,1019.1,1.1,0,96
46,15.8,71,1021.9,1.9,0,85
46,11.3,67,1026.5,2,0,78
46,9.1,80,1027,1.1,0,84
46,11.4,81,1026.7,1.2,0,75
46,13.7,94,1024.6,1,1.7,91
47,13.4,69,1027.5,3,0,89
47,11.4,72,1029,2.3,0,99
47,10.9,80,1026.2,1.2,0,97
47,12.8,82,1022.4,0.7,0,94
47,15.5,85,1019.9,0.6,0,90
47,16.2,92,1020.2,1.5,0,87
47,18,89,1019.2,1.7,0,87
48,20,84,1015.3,2.3,10.6,81
48,13.3,95,1016.8,2.2,11.7,103
48,13.1,78,1019.1,1.8,0.3,76
48,14.1,81,1018.7,1.6,0,94
48,15.5,83,1017.9,1.5,0.2,86
48,15.4,92,1017.5,1.3,39.8,74
48,15.4,91,1014.3,2.3,6.3,81
49,9.3,59,1025.5,4,1.6,102
49,4.2,59,1028,2.3,0,97
49,5.1,84,1024.1,2.1,4.2,117
49,4.2,74,1028.1,3,7.3,110
49,3.8,56,1029,2.3,0,101
49,2.5,72,1027.7,0.8,0,113
49,5.3,82,1025.1,0.6,0,117
50,7.7,60,1030.2,2.5,0,104
50,9,71,1031.1,2,0,111
50,10,82,1025.3,1,0.3,90
50,6.9,76,1028.1,3.2,0.7,54
50,4.1,58,1030.4,1.9,0,60
50,4.2,53,1031.4,1.8,0,66
50,2.7,77,1029.7,1.3,0,70
51,7.9,73,1024.2,0.8,0,75
51,5.7,37,1031,5.3,0,74
51,3.1,34,1033.4,3.7,0,68
51,2.2,71,1033.8,0.9,0,50
51,6.3,76,1026.5,0.6,0,69
51,5.2,71,1026.5,2,0,77
51,2.4,66,1030.2,2,0,82
52,1.6,63,1030.8,1.9,0,66
52,5.1,75,1024.6,1.4,0,76
52,6.3,69,1025.8,0.8,0,82
52,6.2,75,1029.6,2.5,0,65
52,7.3,72,1029.3,1.7,0,62
52,6.8,84,1028.5,1.2,0,44
52,5.7,85,1024.2,1,0,56
53,5.6,78,1020.2,1.5,0,45
53,6.7,71,1020.1,0.7,0,51
53,5.9,66,1024.8,2.8,0,43
1,3.2,35,1033,3.7,0,53
1,0.3,65,1030.4,0.8,0,45
1,4.3,66,1024,1.6,0,44
1,7.3,76,1017.8,1.3,0,46
2,13.3,77,1013.6,1.5,0,47
2,9.1,70,1020.9,3.7,0.3,36
2,4.5,67,1027.2,2.5,0.9,19
2,3.5,64,1031.3,2.4,0,31
2,1.9,79,1030,1.2,0,38
2,5.4,74,1028.3,0.5,0,38
2,4.6,76,1028.1,1.1,0,21
3,8.1,75,1032.6,2.6,0,28
3,8.3,89,1027.9,2.5,4.6,34
3,8.3,88,1023.9,4.7,39.8,17
3,7.5,83,1027,2.2,0,27
3,7.8,73,1026.4,2.1,0,22
3,5.4,71,1032.2,2.7,0,25
3,4.8,78,1027.4,1,0,44
4,6.9,54,1028.2,1.9,0,34
4,6.9,75,1024.4,1.2,0,29
4,10.9,68,1021.2,2.1,0.9,17
4,5.7,68,1025.1,3,0,22
4,4.9,76,1023.5,1.2,0,21
4,9.7,77,1021.7,2,0,16
4,13.3,82,1020.5,1.6,0,18
5,9.3,87,1023.2,2.3,0,17
5,7,78,1026.6,4,0,14
5,4.4,82,1027.8,3.1,2.8,19
5,5.7,93,1025.3,1.6,11.3,21
5,3.4,81,1030.1,3.1,2,18
5,4.1,63,1034.4,3.1,0,20
5,4,76,1033.4,1.6,0,21
6,5.1,88,1031.3,1.2,0.5,18
6,5.9,89,1030.3,1.7,0.3,19
6,6.2,73,1028.6,2.6,0,12
6,4.5,57,1030.6,3.1,0,19
6,2.1,74,1028.5,1.4,0,15
6,3.4,82,1024.3,1.5,0,10
6,4.1,66,1030.7,3.3,0,7
7,0.8,62,1033.1,2.3,0,10
7,2,68,1024.8,1.1,0,13
7,5.6,73,1016.9,1.5,0,9
7,9.6,58,1018.1,3.3,0,9
7,7,84,1020,1.1,0,8
7,11.5,75,1019.2,2.1,0,5
7,15.9,83,1015.2,1.5,4.5,5
8,13.2,81,1018.1,2.7,0,5
8,8.9,77,1021.4,1.6,0,3
8,5.4,78,1026.1,1.6,0,5
8,7,68,1027.9,1.6,0,4
8,9.7,81,1019.9,2.8,6.3,2
8,10.8,93,1015.9,1.2,17.1,4
8,8.7,81,1021.5,1.5,0,2
9,7.1,80,1021.4,1.9,4.2,5
9,7.9,93,1018.6,1,1.5,6
9,9.7,93,1015.7,1.3,10.1,3
9,8.9,93,1020.6,2.4,23,6
9,6.4,89,1025.6,1.6,16.1,9
9,6.2,96,1022.5,2,22.9,14
9,6.1,71,1026.1,3.1,0.5,19
10,7.6,75,1019.8,2.4,0,16
10,10.3,77,1015.3,2,7.7,6
10,5.8,62,1025.5,3.2,0.2,20
10,5,81,1025.2,1.7,10.6,9
10,6.3,83,1023.5,1.5,0.9,10
10,7.1,75,1023.3,1.7,0,12
10,8.1,90,1019.3,1.4,19.5,20
11,9.7,79,1025.2,4.1,2,22
11,4.8,60,1032,3.1,0,22
11,5.6,68,1027.6,1.3,0,18
11,8.6,71,1022.3,1.4,0,20
11,12.6,61,1018.9,2,0,29
11,10.3,92,1021.3,1.9,1.3,21
11,11,97,1019.5,1.6,10.1,18
12,13.4,92,1017.3,1,1,22
12,18.1,83,1011.1,1.6,0,28
12,18.4,87,1006.6,2.2,8.7,20
12,13.3,85,1015.8,1.7,18.3,23
12,12.1,87,1018.8,2,0.2,14
12,11.9,90,1020.7,1.1,4.5,33
12,13,70,1023,1.6,0,34
13,9.8,76,1026.8,1.9,0,37
13,9.6,72,1032.3,2.1,0,24
13,10.9,60,1032.9,1.8,0,38
13,9.8,89,1030.3,1,5.1,37
13,11.2,96,1025.1,2.3,35.1,49
13,12.4,89,1019.6,1.3,0,58
13,15.3,76,1017.3,1.5,0,35
14,17.3,76,1013.9,2.3,2,59
14,21.5,78,1010.6,1.3,0,61
14,22.2,82,1008.7,1.2,0,58
14,25.3,64,1000.7,2.6,0,72
14,15.4,90,1007.8,3.1,17.3,43
14,17.9,85,1009.3,1.7,4.3,66
14,17,91,1012,2.1,0.7,70
15,12.2,91,1018.4,2.7,6.5,73
15,8.3,88,1026,4,32.1,71
15,8.7,70,1027,2.8,0.2,96
15,9.3,83,1023.5,1.1,0.2,83
15,12.1,80,1022.8,1.1,1.3,105
15,11.1,85,1024,1.4,0,90
15,13.6,71,1019.4,1.5,0,86
16,12.1,65,1020.3,4.2,7.7,72
16,11.6,61,1015.6,3.1,0,88
16,16.5,58,1013,2.2,0,85
16,19,59,1012.4,2,0,94
16,16.7,67,1015,2.6,0,73
16,19.9,84,1007.7,1.6,1.1,70
16,20.3,83,1004.8,1.4,0.3,63
17,13.7,87,1011.1,2.6,9.9,66
17,14.2,64,1017.9,2.1,0,40
17,14.2,69,1021.1,1.2,0,69
17,17.6,52,1021.2,1.6,0,85
17,18.4,50,1019.9,1.3,0,71
17,19.4,58,1019.7,1.3,0,92
17,19.2,55,1018.8,2.3,0,82
18,20.4,66,1013.2,2.6,0,100
18,23.5,69,1007.5,1.8,0,99
18,20,74,1011.1,2.4,0,76
18,19,73,1013.3,1.6,0,54
18,19.8,74,1011.2,3,0,78
18,22,85,1006,2.1,4.3,69
18,20.8,70,1010.6,3.8,0.5,73
19,19.3,70,1014.8,2.5,0,112
19,19.5,46,1012.7,3,0,82
19,19,65,1008.7,1.3,0.1,76
19,19.9,74,1012,1.9,0,98
19,19.4,70,1009,2.6,10.7,73
19,18.4,90,1011,1.3,1,80
19,18.8,80,1014.5,2.7,0.5,74
20,20,90,1009.2,1.7,37,89
20,20.3,48,1011.1,2.9,2,62
20,21.7,60,1009.2,2.4,0,77
20,21.7,80,1009.3,2,10.2,94
20,24.6,81,1007.2,1.6,16.9,85
20,18.8,84,1012.2,2.4,2.5,76
20,19.3,77,1009.4,2.8,0,74
21,21.2,93,1003.7,2.1,11.7,107
21,22.9,85,1006.3,1.5,0,105
21,20.6,79,1011.2,1.4,0,100
21,17.9,66,1016,1.7,0,91
21,19.7,74,1012.1,3.1,0,106
21,21.1,82,1008.5,1.5,0,121
21,20.4,86,1008.2,1.1,0,127
22,21.3,73,1009.6,1.6,0,160
22,21.3,55,1010.5,1.9,0,107
22,22.8,75,1005.5,2.1,0,89
22,22,91,1003.6,1.5,2.1,118
22,23.7,84,1003.5,2.4,0,106
22,23,88,1005.1,1.8,0.8,88
22,22.1,80,1008.8,1.6,0,120
23,24.4,77,1007.3,2.7,0,189
23,26.8,81,1004.1,1.8,0.1,162
23,23.2,76,1009.5,3.3,0.9,134
23,20.1,63,1010.6,1.8,0.1,144
23,22.8,66,1006.5,2.9,0,159
23,23.5,66,1009.6,2.8,0,209
23,23.3,84,1008.4,2.2,7.6,172
24,22.8,95,1004.5,1.4,11.9,176
24,20.2,96,1006.8,1.4,24.6,155
24,22.7,95,1004.3,0.8,2.9,133
24,26.4,83,1004.1,1.1,3,138
24,27.1,70,1006.6,1.6,0,141
24,25,83,1005.4,1.8,0.3,139
24,22.7,89,1007.7,1.5,6.7,152
25,24.7,88,1007.1,1.1,1.6,195
25,25.3,89,1004.8,1.3,0.2,163
25,26.7,87,1000,1.1,0,186
25,21.6,95,1004.1,2,24.9,132
25,23.4,80,1008.3,1.8,0,159
25,24,82,1008.4,1.8,0,183
25,22.1,88,1009.3,1.5,7.9,220
26,23.5,91,1006.6,0.3,20.2,233
26,26.3,88,1006.7,1.3,3.4,191
26,28.7,84,1004.1,0.8,1.3,168
26,31.4,69,1000.5,2.2,0,225
26,28.1,80,1001,1.7,1.5,180
26,27,89,1002.5,1.6,0,154
26,23.8,93,1006.3,2.1,0.3,186
27,27,86,1003.7,1.5,1,212
27,30.8,75,998.6,2.6,0,146
27,22.6,94,1001,1.7,24.5,205
27,24.5,85,1002.2,1.7,2.7,202
27,23.9,79,1004.9,1.4,0,159
27,21.5,88,1008.6,1.8,12.4,163
27,19,94,1009.9,2,40.5,146
28,19,95,1008.4,3,51.4,137
28,20.7,95,1006.2,3.1,18.9,124
28,21.8,95,1007.8,2.4,8,133
28,23.5,97,1007.9,1.9,3.5,118
28,24.1,94,1003.2,5.1,3.7,62
28,24,97,985.7,8.3,106,69
28,25.4,87,995.5,2.9,12.6,100
29,27.2,81,1001.7,1.6,0,107
29,27.5,79,1002.4,1.7,0,80
29,27,76,1002.2,1.2,0,73
29,26.8,80,1001.4,2.3,0,70
29,26.4,84,1003,2.3,0,99
29,27.7,79,1004.3,3.4,0,81
29,27.4,78,1005.3,2.3,0,96
30,27.6,81,1005.6,1.6,0,84
30,26.3,93,1005.1,1.3,31.5,86
30,28,88,1004,1.3,12.5,87
30,28.9,80,1004,2.5,39.7,85
30,28.8,83,1003.7,1.6,0.1,65
30,29.1,83,1003.4,1.4,2.1,87
30,29.6,84,1005.6,1.2,1.8,81
31,30.9,75,1007.8,1.9,2.2,73
31,30.6,75,1008.2,1.8,0.2,78
31,31,66,1007.8,2.1,0,65
31,30.6,62,1008.2,1.9,0,52
31,30.9,65,1008.2,2.2,0,64
31,30,75,1008.7,2.2,0.8,76
31,30.8,72,1009,1.8,0,71
32,30.8,65,1007.9,1.9,0,47
32,30.5,67,1006.2,2.5,0,36
32,30.3,64,1005.6,2.3,0,42
32,29.7,69,1007.2,2.9,0,55
32,28.8,83,1008.6,2.7,0,39
32,29.3,78,1007.3,3.8,0.1,31
32,28.5,83,1005.1,4.1,17,37
33,27.5,86,1004.4,3.1,17.9,30
33,27.5,79,1003.8,2.5,0.1,40
33,27.2,72,1007.6,1.9,0,58
33,26.4,80,1007.5,1.3,0.4,33
33,25.6,80,1006.2,1.6,0,44
33,28.2,81,1005.2,1.4,0.1,48
33,25,96,1005,0.6,23.7,53
34,26.7,82,1007.4,2.1,0.6,52
34,26.4,83,1009.1,1.7,0,41
34,27.6,79,1009.4,1.2,0,43
34,29.7,76,1006.2,2.1,0,38
34,25.7,92,1005.8,1.4,27.7,46
34,25.7,93,1004.5,1.3,47.1,44
34,25.8,95,1002.5,1.7,7.4,49
35,24.7,94,1000.3,3.5,27.8,47
35,25.3,77,1004.9,2.5,0,54
35,25,82,1009,1.5,0,64
35,26.5,81,1009,1.6,4.8,37
35,25.1,88,1008.2,0.9,3,39
35,25.7,79,1007.4,1.3,0.2,43
35,25.1,85,1008.6,1.2,0,51
36,24.9,85,1009.2,1.3,0,32
36,26.3,78,1008.8,1.4,0,51
36,24.9,91,1010.7,1.3,7.8,51
36,26,81,1013.2,1.6,0,35
36,26.9,80,1012.2,1.9,0,37
36,27,86,1005.7,2,12.2,43
36,26.2,78,1006.4,2.7,0,35
37,25.3,81,1009.5,2,1.5,57
37,24.5,80,1012.4,2.3,0.3,49
37,24.3,68,1014.7,2.3,0,29
37,22,78,1015.2,1.8,0,42
37,22.5,79,1012.2,1.3,0,41
37,21.7,82,1014.7,1.4,0,51
37,21.8,66,1018.4,2.2,0,29
38,20.9,85,1018,0.9,4.9,34
38,19.5,96,1016.6,0.6,32,40
38,21.7,88,1015.1,1.5,3.7,37
38,23.3,78,1017,1.6,1.5,33
38,22.2,81,1016.5,1,0,28
38,21.4,82,1014.1,1.1,0,37
38,21.7,84,1012.6,0.8,0,50
39,23.3,79,1012.6,1.8,0,41
39,22.5,88,1012.1,1.4,1.1,37
39,23,90,1007.8,1.7,10.1,40
39,24,82,1007.5,1.9,0,35
39,22.7,88,1007.2,1,0.2,32
39,23.4,84,1010.8,2.7,0.3,39
39,23.6,72,1012.3,3.5,0,51
40,23.9,88,1012.2,3.6,5.9,54
40,25.4,95,1013,2.8,53,44
40,26.5,90,1012.6,2.8,276.2,52
40,23.8,81,1012.1,2.5,6.4,54
40,19.9,69,1018,2.1,0,54
40,21,85,1019.2,0.9,0,72
40,22.1,85,1022.4,1.2,0.1,72
41,19.8,95,1021.2,1.6,22,50
41,20.3,94,1018.5,0.5,0.9,61
41,21.6,81,1014.1,1.4,0,43
41,19.9,95,1012,0.8,16.4,44
41,19.8,83,1015.1,2.3,0,42
41,19.2,83,1014.8,1.2,0,54
41,18.6,60,1020.2,1.9,0,31
42,15.7,79,1022.7,1.9,0,45
42,16.5,69,1023.3,1.7,0,43
42,18.1,73,1020.6,1.2,0,28
42,18.1,86,1018.3,1.3,0,38
42,18.3,87,1018.5,1.2,0,36
42,18.6,82,1019.3,1.9,0,37
42,18.5,80,1018.8,1.4,0,29
43,19.6,78,1015.9,1.7,0,42
43,19.3,84,1013.9,1.4,0,30
43,20,83,1015.7,1.8,0,41
43,20.4,87,1017.2,1.4,0,41
43,21.1,86,1016.7,2,0,39
43,22.2,85,1018.4,1.6,0,40
43,21.1,84,1020.6,1.4,0,50
44,22.5,79,1016.7,1.7,0,52
44,17.9,79,1017.9,2.4,0.8,45
44,16.6,71,1021.6,1.3,0,51
44,17.1,90,1020,1.4,8.5,45
44,17,84,1024.5,3,23.9,43
44,17,62,1028.6,2.9,0.1,30
44,12.8,95,1026.1,1.4,20.1,52
45,12.6,79,1025.7,2,0,43
45,12.3,89,1026.5,1.1,0,60
45,15.2,98,1023.6,0.5,11.9,45
45,18.6,91,1020.9,1.1,6.5,45
45,22.2,90,1018.3,1.7,0,39
45,23.7,87,1016.1,2.1,25.3,40
45,14.9,94,1019.6,1.6,22.2,38
46,12.8,88,1023.2,2.8,3.2,46
46,13.8,73,1025.7,2.3,0,57
46,15.7,75,1025.1,1.6,0,45
46,15.4,90,1023.2,0.3,4,51
46,15.6,90,1017.6,1.1,27.8,59
46,14.6,85,1018.4,1,3.5,49
46,16.6,86,1019.2,0.7,0,38
47,19,90,1015.1,1.4,7,74
47,16.9,98,1015.9,2.1,41.6,71
47,16.7,94,1018,2.6,21.1,54
47,15.2,90,1021.9,0.9,0.2,58
47,15.7,98,1022.3,1.3,5.4,59
47,16.8,98,1022.6,0.2,3.7,53
47,18.8,96,1021.6,1.1,3.4,69
48,17.6,94,1021.8,2,1.1,78
48,15.8,91,1022.1,3.2,1.4,62
48,8.6,89,1024.5,4,7.9,58
48,4.8,58,1028,3.8,0,74
48,3,66,1030.2,1.3,0,72
48,8.5,70,1028.4,1,2,97
48,10.1,98,1025.7,0.4,9.8,111
49,12,93,1024.3,0.9,1,77
49,13.8,86,1021.5,1.1,0,106
49,12.3,88,1020.2,1.6,1,70
49,10.1,53,1025.1,2.3,0,48
49,6.7,54,1029.7,2.1,0,60
49,5.7,87,1028.5,1.9,16.9,58
49,5.5,89,1029.4,2.4,15.9,98
50,6.4,80,1030.6,1.2,0,96
50,8.3,84,1030.9,1.3,0,85
50,11,96,1024,0.6,5.6,86
50,11.6,96,1016.5,1.8,23.5,68
50,10.6,89,1021.7,2.5,0.4,65
50,8.1,83,1023.3,1.7,0,48
50,8.3,96,1022,1.5,3.4,49
51,7.4,84,1023.5,1.6,2.7,50
51,8.3,66,1024.8,2.6,0.1,70
51,6.8,45,1029,3.9,0,73
51,3,44,1033.4,3.5,0,55
51,1.6,71,1033.9,0.9,0,66
51,5.8,84,1032.2,0.8,0,71
51,9.7,88,1026.5,0.3,1.4,72
52,8.4,86,1027.6,1.5,0.2,90
52,11.5,90,1023.5,0.4,8,68
52,11.1,87,1021.5,1.4,8.6,55
52,10,97,1021.5,1.8,11.9,40
52,7.8,88,1025.1,2.1,4,46
52,7.4,78,1023.5,1,0,55
52,9.6,80,1027.9,1.9,0,63
53,7.1,65,1035.3,3.3,0,80
53,5.4,80,1033.1,1.1,0,78
53,7,84,1029.9,1,0,72
53,5.9,79,1033.9,1.8,0,48
53,5.2,87,1031.1,1.1,0,91
53,10.7,83,1023.2,1.1,0,57
53,12.2,83,1020.3,1.2,0,80
1,12.6,96,1019.8,1.5,2.5,68
1,11.1,96,1021,3.7,3.4,53
1,9.3,91,1025.3,3,8.3,25
1,8.1,77,1027.6,1.7,0,50
1,5.1,83,1027.1,1.8,0.8,37
1,5.1,80,1026.7,1,0,53
1,8.4,95,1023.9,0.6,5.4,82
2,8.8,94,1022.7,3,10.5,61
2,5.9,79,1027.7,3.2,3.2,74
2,3.7,74,1027.2,2,0,63
2,3.6,82,1024.9,0.9,0,65
2,5.8,84,1020.9,1.1,0,77
2,5.8,78,1019.7,1.1,0,44
2,7.5,93,1014.9,2.4,19.4,44
3,5,78,1022.6,3.5,0,51
3,1.1,57,1029.9,2,0,58
3,2.9,73,1030.7,1.5,0,49
3,4.2,93,1027,2.3,22.8,40
3,5.1,86,1028.2,3.8,17.3,49
3,0.3,63,1036.3,5.2,5,33
3,-4.5,50,1039.7,6,0.1,41
4,-3.3,48,1037.7,2.4,0,38
4,0.1,70,1032.4,0.9,0,42
4,4.9,88,1028.1,0.6,11.9,35
4,6.3,98,1021.5,1.1,18,17
4,6.3,96,1022.7,1.9,16.9,19
4,4.8,85,1027.6,3.2,0,13
4,3.9,86,1031.4,2.9,2,7
5,1.1,80,1033.5,3.2,8.8,8
5,1.1,62,1032.2,3.1,0,7
5,0.9,79,1030,1.2,0,17
5,1.9,92,1028.4,0.7,1.2,15
5,4.5,77,1027,1.4,0,5
5,4.2,57,1029.2,3.4,0,8
5,2.6,68,1026.1,1.7,0,8
6,5.1,71,1022.7,1.5,0,11
6,8.5,69,1021.5,0.9,0,6
6,13.3,67,1018.9,3.4,0,8
6,16.9,86,1014.8,1.5,2.6,4
6,16.7,85,1011.9,1.7,0,4
6,15.2,84,1010.6,4,0.6,9
6,4.9,70,1025.1,5,1.4,4
7,2.5,50,1030.1,3.4,0,12
7,3.6,58,1027.8,2.1,0,12
7,4.3,71,1028,1.4,0,18
7,8.6,59,1024.3,2.1,0,13
7,8.8,83,1023.8,0.8,2.2,16
7,8.6,60,1027.3,2.4,0.2,17
7,5.8,69,1029.7,1.9,0,19
8,7.2,96,1026.8,1.1,27.8,10
8,7.1,86,1030.9,3,0.9,15
8,6.4,70,1036.1,3.2,0,17
8,5.1,75,1036,1.9,0,10
8,10.1,62,1029.9,1.7,0,23
8,12.8,61,1025.1,2,0,13
8,12.7,66,1023.8,2.2,0,17
9,7.9,64,1032.1,3,0,17
9,6.7,70,1029.6,1.6,0,22
9,11.1,67,1024.5,2.2,0,23
9,16.4,62,1019.6,1.9,0,32
9,17.7,79,1018,1.8,0,18
9,17.7,81,1016.7,1.5,0,16
9,10.9,95,1018.8,2.6,0,14
10,15.3,84,1015.6,1.7,0,29
10,12.6,93,1013.5,2.3,13.3,16
10,6.5,78,1023.7,4.7,26.9,19
10,4.9,67,1029.7,3.9,0.9,24
10,4.1,59,1028.3,1.9,0,34
10,6.2,71,1022.9,2.5,0,32
10,8.7,93,1019.7,2.2,4.7,35
11,8.3,76,1024.7,3,0.1,48
11,8.6,74,1022.4,2.2,0,43
11,12.2,66,1018.2,1.4,0,40
11,15,82,1015.2,2.1,0,38
11,15.6,91,1011.3,1,0.6,37
11,13,95,1017.1,1.7,0.1,26
11,10.8,85,1021.5,1.6,0,29
12,11.4,81,1021.9,1.8,0,34
12,11.2,93,1018.4,1,3.2,32
12,10.3,88,1020.9,2.8,3.4,38
12,8.5,57,1027.8,4,0,55
12,8.8,58,1027.1,2.7,0,45
12,8.2,66,1025.7,1.1,0,46
12,10.6,51,1025.2,1.8,0,69
13,12.2,51,1024.1,1.9,0,80
13,16.8,44,1020,2.1,0,67
13,15,74,1020.5,1.8,3.7,53
13,12.6,91,1016.3,1.3,8.1,49
13,14.2,84,1015.2,1.2,0,49
13,18.1,80,1013.5,2.5,0,32
13,16.4,97,1012.3,1.7,52.1,45
14,12.6,83,1015.5,1.8,0.5,29
14,14.6,74,1015.5,1.7,0,63
14,18.2,88,1008.5,2.1,0.2,73
14,15.8,93,1012.3,1.3,7.8,43
14,15.5,90,1016.4,1.3,19.4,61
14,17.7,77,1013.2,1.6,0,62
14,16.5,84,1012,1.5,0.4,76
15,15.2,87,1015.9,2.4,0,88
15,17,91,1010.8,1.3,4.5,88
15,17.3,91,1006.5,1,0,79
15,16.5,84,1012.9,1.8,0,77
15,18.8,60,1015.2,1.7,0,92
15,20,79,1005.3,3.1,0.2,86
15,17.8,65,1015.5,2.8,0,109
16,14.6,66,1019,1.6,0.3,163
16,15.3,69,1020.9,3.5,0,131
16,18.4,91,1013.5,1.9,24.9,133
16,18.4,95,1009.8,1.2,26.5,111
16,19.7,76,1010.6,1.9,0,104
16,14.2,94,1009.4,2,16.5,76
16,14.7,97,1013,2,11,92
17,14.5,85,1015.1,1,4,93
17,16.2,94,1010.9,1.1,36.6,95
17,17.3,85,1008.3,2.1,0.8,96
17,17.8,69,1013.2,2.9,0,115
17,17.2,75,1016.1,1,0,84
17,19.3,59,1012.9,2.5,0,79
17,21.4,68,1010.6,3.1,0,150
18,23.3,81,1006.2,2.7,17.5,136
18,21.9,60,1007.6,3.3,17.9,155
18,22,71,1012.1,2.3,0,125
18,23.2,89,1008.2,2.1,20.9,114
18,23.8,90,1007.5,0.7,9.9,102
18,16.8,92,1013.9,2.5,4.4,84
18,15,96,1013.7,1.1,18.6,120
19,18,95,1010.2,1.4,0.3,139
19,17.9,85,1008.6,2.6,22,180
19,18.5,76,1011.6,1.5,0,174
19,21.3,67,1010.7,2.5,0,220
19,19,87,1017.3,2.1,0,165
19,21.3,83,1017.6,1.9,0,173
19,20.8,85,1012.1,2.8,46.5,200
20,17.9,61,1016.2,3.1,4.3,190
20,17.5,54,1016.7,2.1,0,151
20,17.9,62,1016,0.7,0,185
20,20.4,75,1013.1,2.6,0,165
20,18.9,95,1011.5,1.9,59.5,168
20,20.8,98,1009.9,0.4,12.8,130
20,21.8,88,1011.7,1.8,0.9,136
21,21.9,81,1010.7,1,0,161
21,21.2,88,1009.6,0.7,1.2,138
21,23.8,83,1008.7,1.8,2,140
21,23.4,94,1008.8,1,9.4,137
21,22.2,96,1009.3,2,1.7,163
21,21.9,98,1006.5,1.1,44.9,134
21,21.3,94,1005.8,2.1,101.6,157
22,21.7,88,1009,0.9,0,214
22,25.2,85,1006.3,1.3,0.6,192
22,20.9,97,1003.8,2.6,38.1,217
22,20.8,83,1008.8,1.7,0,214
22,21,96,1005.5,0.7,18.1,172
22,22.5,83,1005.8,2.6,0.3,191
22,22,78,1010.6,2,0,245
23,24.1,79,1009.2,2.6,0,250
23,24.9,84,1008.4,2.4,0,224
23,24.9,87,1007.7,1,50.1,213
23,23.5,90,1009.1,1.7,1.6,172
23,25.1,83,1008.6,2.6,0,192
23,25.7,87,1006.7,0.7,0.2,225
23,22.9,96,1003.4,2.6,25.8,291
24,22.7,92,1003.5,2.2,7,285
24,25.7,83,1002.4,1.8,0,246
24,26.4,82,1000.6,1.4,1.3,225
24,22,95,1005.3,0.8,15.4,260
24,24.1,82,1008.1,2.2,0,300
24,25,86,1008.3,1.9,0.4,247
24,26.7,83,1008,1.7,0,262
25,26.5,90,1006.2,1.7,12.2,360
25,29.4,81,1005.1,0.7,0.2,274
25,29.6,79,1004.6,1.9,0.6,267
25,30.3,77,1003.9,1.5,0,244
25,30.6,69,1003.4,2.9,0.1,275
25,21.2,93,1010.5,1.5,23.3,190
25,19.8,98,1011.5,1.2,46.3,245
26,24.5,90,1007.2,1,0.8,301
26,25.3,93,1007.8,1.4,0.5,279
26,23.9,96,1010.4,2,52.9,214
26,28.6,77,1009,2.2,0,186
26,30.3,74,1005.1,3.5,0,228
26,28.3,84,1005.8,2.2,53.7,224
26,28.4,87,1005.6,1.3,0.5,278
27,30.4,75,1005.7,3,0,277
27,30.4,70,1008.9,3.1,0,218
27,29.8,77,1011.4,2.6,0,217
27,29.3,80,1009.4,2.3,0,193
27,27.9,86,1005.7,2.9,0,182
27,26.8,95,1003.2,1.9,22.6,166
27,27,96,1000.7,1.7,96.4,199
28,28.5,87,1000.3,1.4,0.3,195
28,28.1,89,1000.1,1.1,31.3,192
28,29.8,84,1001,0.7,0.4,159
28,29.5,90,1002.5,0.7,19.5,179
28,31.3,77,1000.4,1.1,0.5,151
28,27.4,87,1003.3,1.6,0.1,190
28,28.4,84,1007,1.7,0,162
29,28.4,87,1005.6,1.8,1,165
29,28.9,81,1005.1,1.2,89,148
29,30.9,77,1004.8,2.5,0,163
29,31.9,71,1006.3,2,0,176
29,31.8,75,1006.3,1.5,0,163
29,31.2,73,1006.1,2.2,0,119
29,31.2,76,1007.3,2.1,0,126
30,30.4,72,1007.8,2.9,0,136
30,31.1,75,1005.7,2.5,0,125
30,31.5,74,1004.8,1.9,0.8,120
30,29.8,75,1005.6,1,0,88
30,31.1,77,1006.5,1.9,0,93
30,30.5,76,1007.7,2.8,0,81
30,30.4,73,1008.1,2.6,0,82
31,30.5,76,1006.8,2.7,1.9,104
31,29.5,84,1006.1,2.2,1.4,85
31,26.2,93,1007.2,2,30.8,76
31,28.3,87,1007.4,1.7,0.1,100
31,29.1,85,1006.8,1.9,0,67
31,28.6,87,1004.5,1.6,3.9,67
31,28.9,80,1003.5,1.9,0,92
32,28.9,78,1004,2,0,75
32,28.4,89,1003.3,2.8,20.8,89
32,30.1,81,1005.5,1.7,4.9,95
32,29.2,84,1006.9,2.3,0,74
32,30.8,78,1005.7,2.3,0,65
32,29.8,81,1004.8,1.7,0,72
32,29.6,78,1004.1,2.1,0,66
33,30.3,78,1002.5,2.1,0,79
33,30.6,75,1001.9,1.9,0,75
33,30.2,77,1001.8,1.9,0,74
33,30.4,78,1001.9,2.6,0,77
33,31.5,74,1002.7,3.3,0,83
33,31.2,76,1002.8,1.5,0,86
33,30.3,80,1003.1,1.6,0,67
34,29.6,80,1005.9,2,0,86
34,29.6,79,1005.6,2.7,1.2,79
34,28.9,72,1004.6,1.9,0,68
34,29,78,1003.7,2.1,0,70
34,29.1,79,1005.8,2.3,0,90
34,27.7,69,1008,3.6,4.8,67
34,27.1,52,1007.4,4.3,0,41
35,26.5,57,1008.1,2.5,0,59
35,23.9,66,1006.4,2.7,0,56
35,25.4,62,1003.6,1.5,0,43
35,26.7,65,1001.8,1.5,0.1,72
35,26.7,71,1002.8,1.3,0,29
35,26,79,1006.2,1.6,0,50
35,25.3,87,1008.9,2.2,29.2,33
36,26.3,86,1009.8,1.4,0,35
36,25.9,79,1008.8,1.5,0,29
36,23.3,96,1007.1,1.6,4,47
36,24.6,83,1009.1,1.2,3,43
36,25.2,80,1010.3,1.6,0,24
36,25.2,86,1010.5,1,0,39
36,21.6,92,1012.5,0.9,17.7,50
37,23.6,84,1014.8,1.6,3.1,40
37,24.9,80,1015.9,2.1,3.7,39
37,24.3,92,1014.1,2,33.3,52
37,24.7,96,1010.4,3.1,99.9,54
37,26.6,89,1005.9,2.6,147.2,41
37,25.2,86,1008.6,2.8,0.3,49
37,24.6,79,1008.3,3.7,1.9,49
38,23.2,80,1010.3,4.5,2.6,62
38,22.9,73,1015.8,2.5,0,43
38,23.1,77,1018.2,1.4,0.1,43
38,23,81,1017,1.7,0.2,78
38,23.6,78,1015.2,2,0,67
38,23.1,82,1013.3,1.4,0,60
38,23.9,78,1012.5,2.3,0,56
39,24.3,92,1011.6,1.2,0,86
39,26.9,92,1009.5,2.3,1.4,81
39,27.2,92,1008.7,3.2,12,67
39,24.4,98,1009.4,2.1,51.9,74
39,24.6,93,1010.4,1.2,1.5,66
39,26.9,87,1013.1,1.4,0,109
39,27.1,81,1011.2,1.5,0,89
40,24.1,88,1010,2.6,3.3,94
40,22.9,89,1009.4,3,0.8,113
40,24,88,1013.2,1.5,1.2,110
40,24.5,77,1017.9,3.4,0,120
40,23.7,88,1014.3,1.1,1.3,90
40,21,91,1013.4,3.9,55.2,84
40,19.6,67,1018.4,3.3,0,79
41,20.6,63,1017.9,2.7,0,65
41,21.4,72,1017.7,2.4,0,79
41,22.1,66,1020.3,3.2,0,98
41,21.6,69,1020.1,2.1,0,89
41,21.9,75,1019.9,2,0.1,73
41,21.9,86,1018.9,0.6,0,83
41,23.1,91,1016.9,1.2,0.2,95
42,22,83,1018.4,2.5,0,75
42,22.4,81,1018.1,1.4,0,107
42,21.2,96,1016.5,0.3,3.3,101
42,23,91,1014,2,1,114
42,25.1,93,1009.5,2.2,1.3,103
42,23.3,99,1007.2,0.9,19.6,115
42,21.2,88,1011.5,3.5,9.7,149
43,21.7,88,1014.4,1.1,0.4,189
43,21.7,87,1014.2,1.4,0,180
43,24,84,1015,2.3,1.1,198
43,22.8,93,1016.3,1.6,0.6,160
43,19.2,91,1018.5,2.8,0.2,152
43,15.7,82,1027,3.9,5,128
43,16.9,69,1027.3,2.1,0,195
44,16.1,89,1025.1,2,0.1,203
44,14.7,73,1029.6,3.8,7.1,218
44,12.6,78,1028.2,1.9,0,179
44,11.3,86,1025.1,1.5,0,156
44,14.2,79,1017.5,0.9,0,180
44,16.3,84,1013.8,0.9,0,197
44,17.8,89,1018.1,1.4,0,168
45,19,90,1018.6,0.4,0,178
45,14.6,83,1024.7,4.4,24,134
45,12.9,70,1027.4,3.5,0,121
45,11.1,83,1023.2,1.7,0,141
45,10.8,84,1021.8,1,0,148
45,15.3,87,1019.7,1.3,0,181
45,18.5,94,1017.5,0.6,0.2,172
46,18,98,1016.4,1.1,5.9,147
46,16.2,81,1022.2,3.1,0.7,121
46,15.1,84,1021.1,1.1,0.1,126
46,17.8,90,1018.5,0.5,0.2,150
46,20.6,88,1014.4,1.1,1.4,167
46,19.5,94,1014.6,1.7,0,99
46,19.1,97,1017,1.5,4,143
47,19.2,97,1014.6,1.2,0.9,170
47,13.9,95,1022.6,4.6,12.7,124
47,7.3,95,1028.9,3.7,9.1,125
47,6,71,1029.5,2.5,0,163
47,7.7,87,1025.9,1.4,0.2,166
47,8.3,94,1022.1,2.1,19.5,187
47,9.5,65,1024.7,2.8,0,189
48,10.5,69,1029.6,2.5,0,187
48,10.7,82,1030.9,1,0,163
48,12.2,82,1027.3,1,0,148
48,10.1,85,1029.4,1.2,1,163
48,12.2,72,1030.4,1.9,0,119
48,11,81,1025.4,0.8,0,111
48,12.5,86,1020.2,0.5,0.1,134
49,11.6,90,1021,1.1,0,150
49,9.4,78,1028.4,2.9,0.4,122
49,7.1,86,1023.8,1.1,0,105
49,8,81,1019.7,0.9,0,112
49,9,86,1021.2,1.6,0,90
49,10.1,81,1024.5,1.9,0,127
49,12.4,68,1024.1,2,0,100
50,12.6,94,1018.7,0.9,7.8,109
50,13,98,1018,2.2,1.9,78
50,7.7,80,1026.5,3.1,1.6,84
50,4.8,58,1031.2,3.4,0,85
50,4.3,67,1032.6,2,0,109
50,5.4,84,1029.4,2.3,0,107
50,11.3,90,1024.9,1.1,0,124
51,14.3,93,1021.6,1.2,0.5,93
51,14.1,100,1022.3,1.3,5,96
51,16.3,98,1018.2,1.4,7.4,72
51,10.4,74,1022.6,3,0,79
51,7.9,67,1027.4,2,0,62
51,8.5,73,1028,1.4,0,79
51,11.1,94,1023.6,0.8,2.9,72
52,11.5,95,1020.2,1.9,6.4,82
52,6.4,71,1030.1,5.3,0.4,82
52,4.8,69,1030.9,2.3,0,73
52,5,68,1033.6,2.6,0,71
52,6.4,78,1031.4,0.9,0,65
52,6.3,90,1028.8,1.2,0,62
52,8.6,92,1025.5,1.1,0,79
1,11.5,90,1022.9,1.7,0,68
1,10.5,91,1024.8,1.5,0,78
1,13.2,89,1021.4,1.4,0,62
1,13.8,94,1018.7,1.9,8.3,60
1,11.9,100,1020,1.1,9.4,50
1,13,98,1014.8,1.7,29.1,40
1,8.9,83,1018.1,3.3,0.8,35
2,7,71,1023.6,2.8,0,46
2,6.3,81,1025.6,1.7,0,50
2,6.5,87,1026.9,1.9,3.3,57
2,5.5,92,1023.1,1.3,7.9,59
2,6,74,1021.6,2.3,0,58
2,5.4,71,1026.8,2.8,0,37
2,6.2,63,1029.3,2.5,0,53
3,6.2,70,1028.5,1.9,0,54
3,5.4,93,1028.5,0.8,1.1,55
3,8.2,97,1026.9,0.8,5.5,45
3,7.5,98,1025.8,1.9,3.3,24
3,4.3,53,1031.5,4.1,0,30
3,1.7,71,1031.2,1.5,0,27
3,2.5,67,1033.1,2.4,0,22
4,0.5,80,1034.8,1,0,17
4,3.3,78,1034.8,1.6,0,20
4,5.3,81,1033,1,0,16
4,6.3,80,1028.7,1.5,0,6
4,6.2,87,1027.8,1.9,0,13
4,10.7,86,1022,1.9,0,11
4,16.5,75,1016.9,2.3,0,9
5,5.9,70,1030,5.2,0,11
5,5,66,1029,2,0,10
5,5.8,74,1031,3.2,0,16
5,5.4,74,1031.7,1.6,0,20
5,8.3,81,1024.6,1.3,0,11
5,9.3,94,1018.9,0.6,5.1,16
5,7.1,91,1019.8,2.1,2.3,16
6,4.7,82,1025.6,1.9,0,13
6,8,65,1024.6,1.5,0,11
6,6.1,90,1021.9,3,5.3,9
6,3.5,63,1025.8,4.1,0.5,21
6,4,44,1028,2.8,0,15
6,2.6,48,1031.4,2.4,0,14
6,2.4,75,1031.2,1.5,0,17
7,4.3,80,1031.7,1,0,23
7,6.4,68,1033.8,1.2,0,8
7,8.6,76,1028.5,1.4,0,7
7,13.7,75,1019.3,1.1,0,12
7,9,93,1023.7,2,0,14
7,6,83,1027.9,1.9,4.4,8
7,13.2,69,1017.1,3.2,0,9
8,11.3,76,1018.5,3.6,0,17
8,8.5,68,1026.1,3.2,0,11
8,8.2,81,1018.6,2.5,4.8,15
8,4.8,70,1025.9,3.7,0.1,16
8,4.3,67,1028.3,2,0,14
8,5,75,1025.7,0.9,0,13
8,7.1,71,1025.3,1.1,0,19
9,5.6,79,1027.7,1.4,0,24
9,7.7,72,1024,1.7,0,23
9,11.5,66,1019.1,2.9,0,25
9,7,53,1024.8,3.7,0,24
9,7.6,61,1020,2.2,0,14
9,11.6,67,1015.8,1.5,0,17
9,10.8,98,1014.9,1.2,14.6,9
10,8.9,70,1020.1,3.3,5.6,16
10,5.6,75,1021,1.2,0,16
10,7.5,81,1021.2,1.4,0,15
10,8.7,74,1019.4,1.4,0,16
10,10.4,88,1018.7,1.7,2.3,16
10,11.4,77,1020.6,1.3,0.1,6
10,11.4,98,1017,1.5,22.1,19
11,9,93,1017.9,3.8,34.1,11
11,8.5,66,1024.5,3.7,0.5,13
11,8.5,67,1024.7,2.6,0,14
11,8.8,80,1021.7,1.4,1.6,14
11,9.8,75,1022.4,1.2,0,18
11,11,93,1021.9,1.5,0,16
11,11.2,96,1022.5,1,5,16
12,12.3,92,1015.9,1.6,25.1,28
12,11.5,76,1022.7,3.1,0,22
12,9.2,85,1019.3,1.5,6.3,11
12,10.2,88,1019.7,1.9,0.6,20
12,9.8,94,1020.3,0.9,13.4,17
12,10.5,81,1021.3,2.2,2.7,23
12,13.2,56,1022.9,2.7,0,24
13,12.8,51,1024.7,2.3,0,26
13,16.1,52,1020,3.1,0,24
13,14.4,79,1020.7,2,0,33
13,11.9,94,1019.6,1.6,11.3,18
13,10.4,86,1020.4,2.7,17.3,14
13,11.2,60,1021.8,2,0,21
13,12.1,69,1022.3,2,0,15
14,14.5,58,1023.4,1.9,0,19
14,17.5,61,1019.2,3.7,0,30
14,20.7,65,1012.9,2.6,0,29
14,20,78,1010.5,2,0,17
14,15.1,97,1012.1,1.7,23.6,18
14,17.8,90,1011.9,2,0,17
14,14.4,97,1010,2.2,17.1,13
15,11.7,97,1008.7,1.9,17.6,17
15,11.2,90,1013.2,2.2,3.3,19
15,12.7,75,1019.4,2.1,0,29
15,13.4,57,1020,1.7,0,25
15,17.9,52,1013.8,1.8,0,28
15,20.8,69,1011.8,1.8,0,41
15,22.2,80,1010.5,1.5,0.4,36
16,20.2,91,1005.4,1.8,4.7,28
16,21,68,1005.8,2.5,0,18
16,20.2,55,1010.6,2.7,0,28
16,20.2,83,1008.3,1.8,51.9,20
16,17.4,88,1011.5,1.2,0.6,23
16,16.4,71,1015.3,3.1,0,19
16,14.8,70,1017,1.6,0,27
17,17.9,67,1015.6,2.1,0,37
17,20.2,79,1013.8,2.1,10.6,35
17,17,89,1014.5,3.3,62,25
17,15.7,57,1018,2.3,0.1,23
17,15.8,60,1014.6,1.8,0,17
17,18.8,54,1012.5,2.1,0,20
17,20.8,54,1011.5,2.3,0,21
18,21,76,1012.9,2.4,0,18
18,17.9,89,1015.4,3.4,17.8,21
18,18.8,87,1015.5,1.8,0,23
18,20.8,91,1011.1,2.2,4.9,27
18,21.5,80,1014.9,2.9,0,19
18,19.2,88,1018.6,1.6,0,19
18,19.6,68,1017.3,1.1,0,30
19,17.7,82,1011.3,1.5,4.9,29
19,21.1,77,1009.7,1.7,1.6,42
19,23.2,61,1013.6,1.9,0,35
19,27,54,1011.5,2.1,0,45
19,19.5,94,1009,2.7,9.3,28
19,21.2,77,1009.1,1.9,0,28
19,21.6,82,1011.3,1.8,0,36
20,20.7,80,1013.6,2.2,0,59
20,18.9,81,1011.1,1.2,0,52
20,18.7,78,1012.2,1.8,0,42
20,21.1,63,1015.1,2.6,0,30
20,22.1,71,1014.2,3.3,0,30
20,24,69,1011.3,3.7,0,40
20,23.1,70,1010.6,2.3,0,37
21,23.4,78,1009.8,2.4,0,58
21,24,85,1006.4,1.7,5.2,35
21,20.7,93,1008.2,3.2,19.2,35
21,20.5,69,1010.4,2.6,0,45
21,20.1,74,1011.8,1.8,0,42
21,21.6,69,1012.2,1.7,0,42
21,22.1,66,1012.4,1.4,0,50
22,23.5,71,1012.2,2.9,0,41
22,26,73,1008.1,1.9,0,55
22,27.5,71,1002.7,1.3,0,76
22,24.7,84,1000.7,1.4,0.3,49
22,24.2,83,1003.8,2.8,0,43
22,24,67,1006.5,2,0,39
22,23.7,64,1009.3,2.8,0,50
23,20.2,87,1011,1.1,5.2,68
23,25.2,84,1007.6,2.3,0.1,88
23,23.9,69,1011.1,2.1,0,90
23,24.2,72,1010.7,1.1,0,52
23,24.6,83,1008.7,1.9,1.7,69
23,28,79,1004.1,1.7,0.1,77
23,23.5,93,1007.5,1.8,8.6,89
24,20.2,98,1010.4,1.5,45.6,95
24,20.2,100,1011,1.4,63.3,66
24,21.6,87,1011.1,2.2,5.4,73
24,21.7,79,1011,1.4,0,77
24,22.4,75,1004.1,1.1,0,76
24,23,75,1008.4,2.1,0,72
24,23.5,77,1009,2.3,0,69
25,24.1,91,1005,1.3,2,107
25,25.4,87,1002.4,1.7,8.5,106
25,23.8,97,1005.3,1.2,3.4,83
25,23.9,97,1005.5,1.1,22.9,100
25,25.2,96,1005.1,1.3,2.5,77
25,25,99,1001.5,1.5,23.5,76
25,23.3,98,1003.5,1.3,23,118
26,23.6,93,1006.6,1.2,0.4,142
26,23.7,90,1009,1.4,2.5,90
26,22.1,96,1010.4,0.9,2.8,101
26,24.6,94,1009.2,1.7,29.6,95
26,27.3,86,1007,1.6,2.7,100
26,29,79,1005.2,2.4,0.6,107
26,29.8,76,1005.5,3.2,0,119
27,26.6,89,1006.4,2.1,40.1,113
27,28.9,73,1007.3,1.9,0,110
27,29.3,79,1008.6,1.7,12.8,102
27,29.8,78,1008.1,2.2,0,94
27,30.8,71,1006.7,1.7,0,104
27,30.4,74,1006.8,1.9,0.9,72
27,30,74,1005.6,2,0,114
28,29.9,75,1003.6,2.5,2.5,97
28,27.9,87,1007.8,1.5,11.8,77
28,29.9,81,1009,1.4,0.4,83
28,30.9,72,1006.8,1.5,0.1,65
28,31.8,72,1006.2,2,2.7,69
28,31,69,1008.1,2.9,0,77
28,31.3,67,1009.9,3.1,0,79
29,31,69,1010.8,3.1,0,80
29,32.4,66,1009.5,1.9,0,54
29,32.7,66,1007.2,1,0,65
29,31.9,67,1006.5,1.9,11.3,43
29,31.7,66,1008.2,2,0,45
29,32.9,66,1008.8,2.3,0,37
29,32.5,64,1006.3,1.8,0,50
30,32.8,67,1003.6,1.5,0,43
30,32.6,67,1003.4,1.4,0,37
30,32,66,1004.2,1.4,0,31
30,31.9,67,1004.7,1.9,0,27
30,31.6,67,1006,2.5,0,24
30,30.4,74,1005,2.4,0,34
30,28.2,93,1002,1.5,41.9,25
31,29.3,84,1000.6,3.7,4,30
31,30.8,76,1002,5.3,0.1,26
31,30.6,77,1002,3.3,0,24
31,31.2,75,999.7,3.1,0,19
31,31.2,78,1000.7,2.6,10.2,20
31,30.9,85,1001.1,1.3,0,20
31,30.9,80,1001.4,1.4,1.1,38
32,31.5,80,1001.3,1.4,0.9,24
32,32,76,1000.1,1,0,23
32,29.4,82,999.4,1.2,0.5,26
32,28.6,85,1001.4,1.2,6.2,21
32,30.1,76,1004.7,1.8,0,25
32,29.5,83,1006.3,1.5,13,21
32,30.2,82,1004.2,1.5,8.1,24
33,29.8,85,1003.6,1.5,0.4,24
33,29.8,79,1004.8,1.6,0,20
33,29.2,80,1006.1,2,25,13
33,28.8,80,1008,1.5,0,26
33,28.3,81,1009.4,1.3,1.5,19
33,30.6,73,1007.6,2.2,0.5,19
33,29,81,1005,1.2,36.7,17
34,29.3,82,1005.2,1.2,0,18
34,29.6,83,1007,1.6,0,33
34,30.5,79,1008.5,3.1,0,23
34,31.9,70,1008.3,2.3,0,22
34,30.9,79,1008.3,1.4,0,13
34,28.6,90,1010.9,1.7,13.7,17
34,29.5,83,1011.7,1.3,0,10
35,30.7,73,1010.3,1.8,0,16
35,30,78,1011.2,2.7,0,17
35,27.4,74,1011.7,2.8,0,27
35,26.5,65,1011.4,2.8,0,17
35,25.9,65,1010.3,2.3,0.2,21
35,24.2,83,1009.5,1.3,0.5,20
35,27.4,68,1010.7,2.1,0,28
36,27.5,74,1009.9,1.5,0,20
36,28.9,77,1008.4,1.6,0,18
36,29,83,1006.7,1.5,0.6,18
36,25.1,97,1008.8,1.4,7,12
36,24.4,97,1011.3,0.2,1.7,23
36,26.1,90,1010.2,0.7,2.8,23
36,29.2,79,1008.2,1.6,0,41
37,27.1,88,1008.2,1.7,7.2,29
37,24.3,89,1014.7,1.6,2.9,28
37,25.4,68,1016,3.1,0,34
37,24.4,82,1011.8,4.8,8.2,26
37,24.5,95,1008.9,5.2,5.9,33
37,23.9,80,1009.3,3.6,2.9,24
37,23.3,71,1010.2,2.8,0,35
38,23.8,77,1011,1.4,0,38
38,25.9,72,1010.4,2,0,29
38,24.1,94,1010.7,1.2,11.3,31
38,22,97,1011.3,2,29.7,29
38,23.2,93,1012.4,0.6,0,28
38,21.2,95,1014.9,1.9,30.8,30
38,23.7,94,1012,0.9,0.6,53
39,26.8,92,1008.6,1.1,0,46
39,28.3,87,1007.9,0.9,0,43
39,25.6,90,1008.9,2,1.2,28
39,21.1,86,1013.3,1.7,2.4,39
39,21.7,84,1017.6,0.6,0,39
39,22.3,98,1017.6,0.8,11,55
39,27.8,83,1011.5,2.7,0,63
40,26,90,1011.1,2.7,1.5,49
40,23,23,998.5,12,4.3,41
40,21.4,68,1021.5,3.3,0,59
40,21.4,80,1018.4,1.6,0,64
40,21.6,84,1018.4,1.7,0,77
40,20.6,87,1019.1,0.7,0,64
40,22.3,84,1019.3,1.2,0,52
41,23,94,1012.7,1.7,0,44
41,26.7,88,1016.6,1.3,0,53
41,22.5,96,1017.7,2.3,3.5,32
41,19.1,96,1019.1,2.8,9.3,47
41,19.8,74,1019,3.7,6.8,67
41,19.1,81,1018.6,3.6,10,65
41,19.2,98,1017,5,85.8,69
42,20,99,1017.3,4.8,95.4,77
42,19,90,1020.8,3.5,8.8,59
42,19.6,90,1018.7,2.4,0,56
42,19.1,87,1017.5,3.1,0.8,45
42,18.4,82,1017.3,2.4,1.9,45
42,18.9,75,1016,4.1,0,42
42,18.4,74,1014.1,4.3,0,61
43,17.3,74,1019.3,2.6,0,63
43,16,72,1024.9,2.6,0,65
43,15.8,80,1024.6,1.8,0,59
43,15.8,87,1020,0.9,0,47
43,16,88,1018.1,1.5,0,50
43,18.2,77,1017.8,3.5,0,59
43,17,76,1023.8,4.5,0,54
44,14.4,57,1028.8,3.7,0,46
44,14.1,75,1025.7,1.3,0,40
44,14.3,87,1020.5,1.3,0,68
44,15.8,89,1017.8,0.7,0,36
44,17,80,1021.7,1.9,0,35
44,14.6,57,1030.6,4.2,0,38
44,13.8,74,1027.4,1.7,0,44
45,15.4,91,1022,0.8,0.1,57
45,18,100,1020.2,0.1,8.6,71
45,17.4,81,1022.3,1.8,0.2,50
45,14.3,87,1022.2,1.3,0,31
45,15.2,85,1018.3,1.2,1.1,54
45,14.7,69,1022.6,2.5,0,55
45,14.1,80,1019.9,0.4,0.1,48
46,16.5,82,1017.2,0.8,0,63
46,15.9,97,1018.9,0.9,7,64
46,15.5,93,1021.1,0.5,5.9,45
46,15.3,97,1019.2,0.7,10.2,43
46,17.6,97,1012.2,0.3,5.9,59
46,12,74,1023.1,5.4,26.4,53
46,9.9,71,1027.3,2.2,0,64
47,10,87,1027.3,2.5,5.8,62
47,9.7,92,1024.3,0.8,6.5,75
47,10.2,92,1021.6,2.2,16.4,71
47,9.4,62,1026.2,2.4,0,66
47,7.7,78,1028.1,1.2,0,69
47,10.5,76,1026.7,0.8,0,64
47,14.3,83,1014.1,1.1,0.1,67
48,10.8,92,1023.9,1.4,0,89
48,10.1,28,1020.7,8,0,52
48,13.4,98,1023.8,2,33.5,44
48,10.8,86,1026.6,3.6,15.8,42
48,10.2,74,1029.3,2.6,0,60
48,9.9,85,1026.3,0.2,0,44
48,9.9,93,1022.8,0.3,0,69
49,11.3,75,1025,3.2,0,87
49,6.3,64,1027.8,2.3,0,65
49,4.3,80,1024.4,0.3,0,60
49,6.8,81,1023.1,1.2,0,58
49,7.1,55,1028.3,3.1,0,63
49,4.1,65,1023.4,1.7,0,57
49,7.4,66,1020.3,1.6,0,74
50,4.3,80,1025.5,1,0,59
50,5.4,77,1028.2,1.9,0,70
50,7.6,75,1028.3,1.6,0,46
50,9.4,81,1027.3,2,5.9,35
50,9.2,96,1025.3,1.9,9,47
50,6.2,77,1031.9,4.2,5,53
50,2.8,49,1034.8,2.4,0,46
51,0.9,69,1032.8,1.4,0,62
51,4.6,68,1034.3,2.2,0,57
51,3.4,73,1033.7,1.4,0,68
51,4.4,65,1032,1,0,61
51,5.9,82,1025.6,0.8,0,48
51,10.5,89,1020.4,1.3,0,50
51,11.8,56,1021.1,2.9,10.8,38
52,5.1,66,1027.1,1.7,0,50
52,3.2,85,1027.4,1,0,34
52,5.8,85,1028.7,1.3,0,38
52,9.4,96,1025.6,0.2,6.5,42
52,10.8,98,1026.9,0.2,2.8,36
52,10.1,93,1026.3,1.2,0.7,27
52,6.4,76,1028.2,2.3,0,27
1,3.6,86.8,1027.2,1.3,0,31
1,9.7,84.5,1024.5,0.8,0,54
1,9.9,97.8,1026.8,2.6,19.2,38
1,8,96.5,1024.1,2.2,16.4,39
1,5.5,92,1024.1,2.2,7.8,33
1,5.3,81.3,1023.9,1.4,0,24
1,7.3,97.5,1017.1,1.3,7.6,44
2,3.9,76.8,1020.3,3,5.2,34
2,2.1,48.8,1025.6,3.1,0,46
2,2.8,56.5,1027.9,2.1,0,32
2,1.3,54.8,1032,1.4,0,28
2,0,50.3,1035.2,2.1,0,31
2,-0.8,74.3,1033.8,1.1,0,29
2,4.9,79.8,1026.9,1.4,0,55
3,7.8,89.8,1022.6,1.2,0,33
3,12.1,87.3,1015.7,1.3,2.1,25
3,9.5,82.8,1019.1,1.7,0,19
3,8.9,89.3,1022.8,2,0.1,13
3,8.1,95.8,1023.6,1.3,0.3,22
3,8,98.5,1022.2,2.3,2.5,14
3,8.7,97.8,1019.3,1,15.2,18
4,6,90.8,1019.6,1.6,11.2,20
4,5.8,89,1022.8,1.5,0,14
4,3.8,74.3,1027.1,3.2,0.3,22
4,3.1,95.8,1026.7,2.4,13.6,16
4,2,77.8,1030.6,3.3,8.7,19
4,1.5,92.3,1026.1,1.5,3.9,9
4,2.4,97,1023.6,2.2,12.9,13
5,0.5,65.5,1029.3,3.8,0,9
5,0,66.3,1029.4,1.4,0,16
5,0.8,86.5,1029.5,1.1,4,8
5,0.6,79.8,1029.7,2.1,0,9
5,2.9,66.8,1030.9,2.3,0,12
5,1.7,55.5,1033.8,3.6,0,9
5,0.8,48.8,1034,2.8,0,10
6,0.6,50.5,1031.9,2.3,0,4
6,-0.9,78.5,1030,1.5,0,8
6,1.5,73,1026.4,0.9,0,4
6,0.6,84.8,1024.9,1.8,0,4
6,5.3,81.3,1020.9,1,3.3,3
6,5.8,90,1024,1.6,1.1,1
6,3.3,71.3,1028.7,1.8,0,1
7,5.8,34.8,1029.9,2.2,0,4
7,4.8,64,1026.2,1.9,0,3
7,11,66.8,1017.7,1.1,0,1
7,8.5,91.5,1019.3,2.6,0,5
7,6,94,1020,1.2,5.4,3
7,6.7,82.5,1024.1,1.8,0,1
7,11,79.3,1019.4,1.2,0,4
8,8,98,1019.8,1.9,8.8,2
8,7,97.3,1021.2,1.9,10.8,3
8,6.3,88.5,1024.1,2.1,7.3,5
8,5.3,84.5,1024.6,1.1,1.7,4
8,6.2,78.8,1024.1,1.4,0,4
8,9.1,87,1022.1,1.2,6.8,5
8,8.3,91.8,1024.4,2.2,6.8,12
9,8,84.3,1024.8,1.2,0,10
9,10.7,80.3,1018.9,2.6,0,6
9,14,80,1010,2.7,6.3,5
9,9.5,84.5,1016.8,1.7,0,5
9,9.1,87.8,1016.1,1.5,7.1,12
9,12.9,92.8,1010.5,1.2,11,6
9,19.4,82,1007.4,2.4,0,8
10,11.5,83.5,1018,3.1,13.2,6
10,8.5,75,1027.2,3.3,0.1,7
10,9.1,96.5,1021.8,1.9,7.8,12
10,8.9,75.5,1024.4,4,1.7,18
10,5.1,63.3,1027.9,2.6,0,17
10,6.9,73.5,1025,1.6,0,22
10,11.2,66,1023.3,2.3,0,11
11,15.9,66.5,1019.4,2.2,0,23
11,17.1,81.8,1016.8,1.8,0,25
11,19.3,81.5,1015.1,2.4,0,13
11,17.4,83,1012.7,1.8,0.5,14
11,9.1,83.8,1022.7,3.2,0.8,6
11,10.5,79,1024.1,2.2,0,19
11,14.5,79.3,1015.2,1.5,4.9,24
12,10.8,93.3,1015.6,2,8.3,26
12,7.6,91,1017.2,2.8,13.8,35
12,6.7,78.8,1019.8,3.6,0.1,39
12,9,77.3,1018.4,1.4,0,42
12,12.1,74.5,1019.6,1.4,0,43
12,14.4,75.5,1021.1,1.3,0,40
12,16.3,73.8,1022.6,1.7,0,45
13,14.7,82.3,1021,1.7,4.3,52
13,14.7,84,1018.2,1.5,0,46
13,17.1,71.3,1016,2.2,0,55
13,18.3,78.8,1016.3,1.9,0,38
13,17.4,90,1019.7,1.4,0,58
13,17.9,71.8,1017.8,1.8,0,52
13,21.1,71.8,1013.8,2.2,0,67
14,21.8,71.3,1012.1,2.4,0,93
14,22.8,71.3,1012.5,2.4,0,77
14,16.7,92.8,1014.7,1.7,0,50
14,13.3,94.5,1014.1,1.6,19.8,59
14,12,69.3,1021.1,2.9,7.4,65
14,10.8,47,1025.4,2.5,0,76
14,12.9,61.8,1019.6,2.4,0,102
15,17.9,58,1016.5,2.5,0,89
15,21.6,54.8,1011,3.7,0,84
15,19.3,66.3,1010.9,1.4,0.1,87
15,18.3,86,1013.5,1,0,68
15,17.5,94.5,1013.1,2.2,1.4,69
15,15.2,93.8,1012.6,3,13.2,52
15,13.3,73.8,1019.1,2.5,0.3,61
16,10.8,81.5,1020.7,1,0,89
16,11.1,74.8,1020.1,1.5,0,83
16,16.2,65,1016.9,2.4,0,114
16,19.2,61,1015.5,1.9,0,105
16,20.9,69.3,1016,3.1,0,106
16,23.1,72.8,1013.1,2.9,0,86
16,24.8,79.5,1009.6,1.7,1.6,116
17,21.3,91.8,1007.6,1.5,15.9,104
17,14.6,86.3,1014.1,2.5,14.1,83
17,16.6,65.3,1015.6,2.4,0,92
17,16.3,75.8,1014.9,1.2,0,125
17,19.4,72.3,1016.8,1.5,0,109
17,20.2,68,1016.4,1.6,0,126
17,21.8,70.8,1011.2,2,0,88
18,24.5,78.3,1010.6,1.5,0.6,91
18,24.9,84.3,1009.2,1.4,10,138
18,22.3,85.3,1012.1,2.7,24.2,161
18,17.9,62.5,1018.8,1.8,0,119
18,20.2,54.3,1017.7,2.3,0,120
18,19.5,75.5,1014.4,2.1,21.2,117
18,25.6,73,1006,1.7,0,152
19,21.9,84.5,1005.6,2.1,2,152
19,18.3,89.8,1011.2,2.4,37,117
19,16.9,77,1019.6,1.4,0,120
19,16.7,69.5,1020.9,2.5,0,150
19,20.5,72.5,1014.2,2.7,0,167
19,25.5,71.8,1008.9,1.5,0,187
19,23.4,89,1009.6,1.4,0.7,183
20,26.7,76.8,1008.2,1.7,0,184
20,28.4,76.5,1005.1,2.5,0,172
20,29.6,73.5,1003.2,2.6,0,177
20,28.8,75,1002.8,1.7,0,214
20,26.7,80.5,1005.7,2,0,241
20,22.6,94.8,1008.6,1.2,13.5,246
20,21.4,94,1010.2,2.1,0.1,284
21,21.1,93.8,1011.9,1.7,0.1,358
21,24.1,84.3,1009.6,2.2,0.2,343
21,20.7,64.8,1013.2,2.1,0.2,292
21,21.7,59.8,1010.3,2,0,342
21,24.8,69.5,1003.4,1.3,0,341
21,23.1,95,1005.6,0.8,42.1,348
21,21.7,97,1009.4,1,11.2,349
22,23.2,90.5,1009.4,1,0.1,397
22,23.5,92,1010.5,1,0,320
22,24.3,89.3,1010.1,1,0.1,335
22,19.5,91.3,1013.2,1.3,13,300
22,19.3,83.3,1015.3,1.2,0,385
22,19.7,83.3,1014,1.2,0,327
22,22.1,75.8,1011.3,1,0,393
23,22.6,83.8,1010.2,0.7,0.1,473
23,21.8,87.3,1011,0.7,2.2,431
23,21.9,92,1010.8,0.7,44,333
23,23.6,84,1009.8,1.5,0,342
23,23.9,87.5,1007.6,1.1,0,321
23,24.2,80.3,1003.2,2.3,0,370
23,21.5,95.3,1002.2,1,7.7,368
24,23.7,79,1001.6,2.1,0,465
24,24.9,74.3,1003.6,1.3,0,463
24,26.2,66.3,1002.3,2.2,0,413
24,25.4,68.3,1001.7,2.1,0,364
24,24.2,74.8,1005,2.2,0,345
24,23.6,76,1008.6,2.5,0,351
24,24.7,78.8,1006.8,1.9,0,348
25,26.8,79.8,1003.4,2.5,0,277
25,27.7,85.3,999.8,1.9,22.2,380
25,23.1,98,1003.1,2.4,26.6,283
25,23.7,82.5,1007.4,2.4,0.1,276
25,21.2,96.5,1006.8,0.8,32.3,282
25,21.3,99.5,1005.9,1.1,11.6,315
25,24.4,92.8,1007.6,1.1,0.1,351
26,28.9,82.8,1007.2,1.3,0.5,300
26,31.1,78.3,1006.6,1.6,0,357
26,32,70.3,1005,2.1,0,309
26,31.2,71.5,1001.6,2.7,0,365
26,27,87.8,1001.6,1.6,47.4,346
26,27,88.5,1003.5,2.4,0.9,305
26,27.8,84.8,1002.2,1.8,0,437
27,28.7,81,1000.9,2.1,0,440
27,27.6,90.3,998.2,1.1,0.1,371
27,28.6,86.5,998.4,1.1,0,351
27,27.8,92.3,998.9,1.9,34.2,429
27,27.2,94.3,999.9,1.5,94.8,414
27,28.8,86,1002.3,1.2,28.4,411
27,29.8,79.5,1004.4,2.1,0,420
28,29.8,75,1007.5,3,0,364
28,29.3,77.3,1008.7,2.5,0,418
28,28.9,77.8,1006.5,5.5,0.1,364
28,29.1,80,1008.1,4,0,367
28,29.1,76.8,1009.2,3,0,358
28,28.7,74.8,1008.7,3.1,0,308
28,28.7,76.3,1009,2.6,0,346
29,28.8,76.3,1009.3,3,0,336
29,29.1,76.3,1008.8,2.7,0,340
29,28.9,77,1008.2,2.7,0,347
29,29.2,74.3,1007.9,2.2,0,264
29,29,74.8,1006.2,2.5,0,321
29,27.8,89,1003.4,2.7,0,296
29,28.2,86.5,996.4,3.8,23.7,301
30,29,82.8,1001.5,2.2,26.2,291
30,29.3,82.3,1003.3,1.5,2.5,243
30,31.1,79.3,1004.8,1.7,0,207
30,28.7,85.3,1005.8,1.7,1.2,258
30,29.5,82,1006.2,0.8,0,308
30,30.4,80.8,1005.6,1.6,0,264
30,30.4,76.8,1004.1,1.6,0,260
31,29.2,82.5,1003.3,1.1,0.6,268
31,29.6,78.8,1003.5,1.7,0,207
31,28.9,82.3,1003.1,2.3,0,266
31,28.3,91,1001.6,2,25.9,189
31,28.3,84.3,998,2.5,44.1,196
31,30.2,78,1003.6,2.6,0,232
31,31,75.5,1005.1,2,0,195
32,30.8,78.3,1004.7,2.1,0,224
32,30.2,78.5,1005.2,2.7,0,196
32,29.7,78,1005.7,1.8,0,174
32,29,81,1005.4,1.2,0,167
32,29.8,75.3,1004.1,1.5,0,208
32,29.4,81.3,1001.8,1.7,0,178
32,27.6,91,998.5,2.5,11.3,152
33,29.4,81.5,999.3,4.2,29.6,163
33,29.5,82.8,1003.3,3.1,4.9,159
33,29.4,86.5,1002.6,2,0.2,140
33,27.7,92.5,997.5,3.8,29.2,144
33,28.4,87.8,994.2,4.1,78.4,186
33,28.2,87.8,1002.8,2.9,3.8,170
33,29,82.3,1003.9,3.5,0.8,171
34,29.5,81.8,1002.3,2.4,0.3,166
34,29.5,82.8,1000.8,1.6,0,155
34,29,81,1000.4,1.8,4,153
34,28.4,76.5,1000.7,1.4,0,194
34,27.3,67,1004.2,1.6,0,185
34,28,90,1004.1,1.6,17.7,166
34,28.4,87,1004,1.5,8.6,131
35,28.7,83.5,1006.4,2.9,3.7,135
35,28.6,80,1007.8,2.8,0.1,137
35,29.1,75.5,1006.7,3,0,128
35,28.9,76.3,1007.8,2.5,0,136
35,29.9,70.8,1008.4,2.4,0,136
35,29.2,80,1007.6,1.5,6.3,168
35,28.2,88.5,1005.2,0.9,4,148
36,28.2,91.8,1002.4,1.3,23.8,133
36,28.4,77.8,1002.4,2.1,0,141
36,26.7,74.8,1006.1,1.1,0,134
36,28.7,77.5,1005.3,1.7,0,141
36,24.1,89.5,1008.8,2,3.4,120
36,21.5,98.5,1012.9,0.8,17.4,125
36,24,75.5,1015.5,2.4,0.1,161
37,24.3,72.8,1016.8,1.7,0,156
37,22.5,92.5,1014.7,0.5,6.7,138
37,22.9,96.3,1012.7,1.9,5.2,130
37,25.6,87.3,1012.5,0.8,0,128
37,26.3,91.3,1013.2,1.2,0,143
37,27.1,83.5,1013.5,1.8,0,143
37,27.6,87.3,1012.8,1.4,0.7,143
38,24.9,99.5,1014.6,1.2,138.5,211
38,26.7,90.5,1015.2,1.4,0,191
38,28.8,84.3,1011.7,1.7,0,180
38,28.3,83.3,1008.8,1.8,24.8,202
38,24.8,92.3,1011.6,1.1,2.2,215
38,24,92.5,1015.5,1.5,6.9,267
38,24.5,90.3,1015.7,1.1,0.1,247
39,24.9,67.5,1016.4,3.2,0,276
39,23.8,54.8,1015.7,3.2,0,331
39,23.7,61.3,1014.3,3.3,0,270
39,24,69.3,1014.1,2.6,3.1,256
39,23.4,72.8,1013.9,2.4,0,205
39,24.1,66.3,1010.3,4.2,0,171
39,22.4,69.8,1011.1,2.9,0,140
40,22.1,54.3,1016.7,2.2,0,193
40,18.8,74.8,1019.2,0.8,0,138
40,19.7,72.3,1020.2,1.7,0,143
40,22.7,57.5,1017.9,4.3,0,105
40,20.5,83.8,1009.4,6.3,34.2,103
40,20.8,61.3,1015.2,3.3,0,115
40,19.4,82.8,1018.3,0.9,0,89
41,20.1,82,1017.5,2,0,79
41,19.6,89,1015.7,0.7,0,66
41,17.5,89.3,1020.1,2.2,2.7,49
41,17.7,59.8,1024.5,2.7,1.5,62
41,17.7,61.3,1025.2,2.1,0,61
41,16.8,79.5,1023,0.7,0,56
41,17.7,83.5,1020.5,1.1,1.2,61
42,16.9,89.5,1018.5,1.3,2.1,71
42,16.1,98,1016.9,1.7,13.1,60
42,17.5,81.8,1017.3,1.6,0,44
42,16.2,80.5,1020.8,2.1,0,55
42,16.3,69.5,1024.5,1.4,0,43
42,15.5,84.8,1023.7,0.7,0,53
42,16.4,95.5,1020.8,0.3,0.2,72
43,17.9,99,1017.6,0.6,1.5,52
43,18.3,87.3,1019.9,1.4,0.3,57
43,16.6,90.8,1020.1,1.2,0,54
43,18.4,81.8,1017.7,1.8,0,44
43,19.9,76.3,1017.2,1.9,2,61
43,15.4,54,1022.5,1.7,0,58
43,13.5,72.5,1018.2,0.9,0,62
44,15.2,69.5,1016.7,0.9,0,68
44,16,80.8,1020.9,0.9,0,98
44,16.6,77.3,1023.8,1.7,0,55
44,15.5,64.5,1026.2,1.9,0,61
44,15.9,76,1024.9,1.2,0,45
44,17.5,89,1021.4,0.5,0.9,50
44,18.1,87,1020.2,1.5,0,47
45,19.3,87.8,1020.2,1,0,78
45,18.7,93,1021.2,0.7,1.4,67
45,16.9,94.8,1020.2,1.3,0.1,45
45,14.1,88.3,1019.2,1.7,1.8,40
45,11,87.5,1023.1,1,0,47
45,13.5,83.5,1023.2,1.2,0,53
45,17.5,84.5,1019.2,1.5,0.1,54
46,14.9,96.5,1019.4,2.5,9.2,55
46,15.8,67.3,1020.5,1.9,0.2,40
46,14.1,77,1021.2,1.5,0,48
46,15.3,88.5,1019.6,0.7,0.3,44
46,14.4,93.3,1020.5,2.6,3.4,46
46,14.8,81.8,1022.2,2.3,5,45
46,13.5,98.5,1020,2,17.6,47
47,11.4,89,1024.1,2,3.4,51
47,12.1,87.3,1023,1,0.1,53
47,14.5,95.5,1018.6,2.5,8.6,44
47,12.2,75,1026.7,3.2,0.7,40
47,11,81.3,1025.2,1,0,34
47,12,85,1023.8,1.4,0,46
47,12.8,97,1022.3,0.9,8.9,40
48,14.1,95.5,1021.4,1.2,0,58
48,12,94.3,1023.1,1.6,0,46
48,11.6,91.5,1022.8,1.3,0,48
48,11.8,86,1024.7,1.1,0,31
48,12.9,88.3,1023.8,1,0,56
48,14.5,91.5,1020.9,1.3,0,61
48,16.5,96,1017.2,0.8,13.2,77
49,17.5,96.5,1015.9,0.6,1.1,61
49,15.6,94.3,1019.8,2.4,10.8,45
49,13,90.3,1023.2,1.4,16.5,44
49,11.9,95.8,1021.8,4.1,0,47
49,6.1,94.8,1031.6,3.5,12.1,41
49,2.7,96,1034.5,3.3,18.8,61
49,1.8,99,1032.1,1.7,18.8,76
50,5.4,99.8,1026.7,0.9,17.6,99
50,8,94.5,1026.4,3,19.6,66
50,5.1,75.5,1032.7,3,0,58
50,5.3,71,1033.1,2,0,60
50,5.3,75.8,1034.3,1.2,0,59
50,7.7,88,1029.4,0.6,0.6,46
50,6.7,84,1024.4,1.6,9.8,63
51,6.1,77.5,1025,1.9,0,57
51,6,81.5,1024.3,0.7,0,64
51,9.4,82.8,1020.2,0.6,0,61
51,11,98.3,1018.9,0.6,5.9,57
51,12.3,96.3,1020.6,1,0,49
51,13.6,99,1020,1.1,8.4,54
51,10.8,84.3,1026.5,2.9,5,51
52,9.4,77.5,1026.5,2,0,45
52,10.7,87.5,1020.7,0.7,0.8,51
52,11,99.8,1019.1,2.6,12.7,63
52,8.1,76.8,1027.3,4.5,9.8,46
52,3.6,62.8,1035.2,3.8,0,48
52,1.2,63.8,1038.4,3.2,0,51
52,1.9,75,1038.2,2.7,0.6,49
53,2.3,92.8,1037.4,1.7,8.7,51
1,3.9,74,1037,2.8,0,84
1,3.3,90,1035,1.5,0,64
1,6.3,91,1033,0.3,0,55
1,9.1,99,1027,1.6,19.2,46
1,7.3,92,1026,2.5,16.4,44
1,6.7,90,1029,2,7.8,30
2,7.5,95,1027,0.8,0,29
2,6.7,94,1030,2.6,7.6,20
2,5.3,97,1031,1.5,5.2,39
2,7,98,1025,1,0,41
2,8.3,99,1022,0.9,0,25
2,7.2,81,1025,3.4,0,28
2,6.3,65,1027,1.8,0,32
3,6.3,91,1025,0.4,0,38
3,7.2,92,1027,2.1,0,38
3,4.6,73,1029,2.8,0,25
3,4.7,72,1029,1.4,2.1,19
3,6,74,1026,1.5,0,27
3,9.7,75,1022,1.9,0.1,31
3,7.5,66,1028,4.1,0.3,20
4,4.6,58,1028,1.8,2.5,20
4,4.6,65,1025,1,15.2,14
4,6.4,63,1024,1,11.2,22
4,6.6,62,1025,0.8,0,14
4,6.9,71,1026,2.5,0.3,18
4,4.6,57,1033,3.6,13.6,15
4,5.7,68,1029,1.4,8.7,16
5,7.5,70,1025,1.9,3.9,16
5,9.3,71,1026,1,12.9,13
5,12.3,81,1021,0.9,0,9
5,7.4,82,1024,4.3,0,8
5,5,65,1029,2.4,4,10
5,11.7,74,1018,3.1,0,9
5,13.3,74,1019,3.9,0,11
6,8.5,69,1026,1.8,0,7
6,9.9,87,1019,0.3,0,4
6,12.6,86,1015,1.6,0,3
6,9.4,87,1020,3.5,0,5
6,4,92,1025,3,0,5
6,4,92,1028,2.9,0,10
6,3.5,98,1030,2.4,3.3,9
7,2.9,83,1033,2.3,1.1,7
7,5.1,97,1029,0.6,0,13
7,7,99,1029,2,0,13
7,7.1,101,1028,0.9,0,6
7,7.2,98,1024,2.6,0,7
7,3.7,94,1028,2.1,0,9
7,3.8,86,1028,1.1,5.4,9
8,5.8,99,1021,0.1,0,7
8,7.9,87,1021,2,0,9
8,6.6,97,1025,1.4,8.8,7
8,6.8,97,1025,1.8,10.8,13
8,5.9,90,1023,3.3,7.3,7
8,6.4,71,1025,2.4,1.7,7
8,7.6,69,1023,1.3,0,11
9,7.9,74,1023,0.4,6.8,8
9,8.7,80,1023,1.5,6.8,11
9,8.5,97,1019,1,0,9
9,8.2,86,1021,1.6,0,9
9,7.5,94,1022,0.6,6.3,4
9,8.3,99,1016,0.9,0,7
9,8.4,87,1014,2.8,7.1,12
10,10,63,1019,2.9,11,9
10,9.7,89,1017,1.3,0,12
10,11.1,84,1018,3,13.2,15
10,9,63,1025,3.3,0.1,17
10,8.3,71,1024,2.1,7.8,17
10,9.6,94,1016,1.5,1.7,10
10,11.7,74,1015,2.6,0,20
11,12.9,65,1016,1.4,0,21
11,14.3,48,1018,1.9,0,17
11,11.3,69,1024,2.3,0,14
11,8.7,92,1025,1.1,0,27
11,13.2,65,1023,1.6,0,21
11,14.3,55,1023,2.1,0.5,26
11,15.4,60,1022,1.9,0.8,28
12,12.2,87,1018,1.1,0,29
12,14.7,67,1017,2.4,4.9,22
12,19,73,1008,3.9,8.3,36
12,15,87,1014,2.4,13.8,16
12,9.1,71,1022,3.6,0.1,25
12,9.9,54,1026,1.9,0,23
12,10.3,64,1023,2,0,40
13,10.7,86,1019,0.8,0,36
13,14.4,69,1021,1.6,0,40
13,16.1,81,1014,1.9,4.3,44
13,15.5,86,1012,1.1,0,45
13,14.4,90,1013,1.5,0,30
13,14.8,76,1018,2.9,0,35
13,10.7,50,1026,1.3,0,19
14,11.6,52,1026,1.4,0,31
14,12.8,65,1022,1.8,0,35
14,12.6,90,1024,0.8,0,40
14,11.8,95,1020,1.6,0,27
14,16.4,70,1014,1.5,0,32
14,18.8,69,1011,1.5,19.8,35
14,22.1,54,1009,1,7.4,41
15,23.3,59,1010,2.8,0,65
15,23.1,74,1006,4,0,55
15,12.1,75,1016,4.6,0,34
15,11.1,82,1016,1.1,0,28
15,12.9,69,1020,1.6,0.1,32
15,16.1,67,1017,2.4,0,59
15,16.9,71,1018,2.6,1.4,61
16,15,57,1020,2.1,13.2,55
16,14.7,68,1014,1.6,0.3,65
16,17.5,73,1012,1.9,0,50
16,21.4,66,1010,2.1,0,58
16,22.9,77,1009,2.3,0,47
16,20.2,95,1010,1.8,0,39
16,22.3,90,1008,2.3,0,45
17,22.9,91,1009,1.1,0,54
17,23.9,85,1007,1.1,1.6,48
17,23.8,82,1007,1.1,15.9,48
17,21,90,1009,1.3,14.1,46
17,16,85,1016,2.3,0,47
17,15.6,60,1019,3.4,0,70
17,17.2,89,1014,1.8,0,74
18,19.7,88,1010,2.3,0,86
18,15.9,96,1010,1.5,0,85
18,18.5,69,1013,2,0.6,74
18,17.7,56,1017,1.3,10,55
18,19.5,41,1019,1.7,24.2,69
18,18.9,47,1017,1.6,0,84
18,19.4,63,1014,1.9,0,116
19,17.3,64,1018,3.5,21.2,68
19,16.5,42,1018,3,0,55
19,17.4,59,1013,1.5,2,75
19,18.7,66,1010,1.7,37,61
19,20.9,66,1012,1.4,0,54
19,21.7,67,1013,1.6,0,63
19,22.1,61,1013,1.8,0,77
20,18.3,88,1011,2.1,0,67
20,18.6,89,1011,1,0.7,66
20,18.5,100,1010,1.3,0,73
20,22.2,87,1007,0.8,0,60
20,23.4,89,1003,0.9,0,79
20,24,79,1005,1.6,0,67
20,22.4,89,1007,1,0,87
21,20.6,64,1012,2.8,13.5,107
21,20.6,48,1012,1.1,0.1,85
21,23.5,50,1009,1.5,0.1,97
21,24.6,55,1011,1.3,0.2,99
21,24.2,55,1012,2.8,0.2,79
21,24.8,65,1011,4.5,0,91
21,23.9,82,1008,5.1,0,72
22,24.7,78,1009,2.4,42.1,101
22,20.1,55,1015,3,11.2,72
22,19.7,50,1015,1.4,0.1,58
22,21.9,58,1011,2.4,0,73
22,20.5,86,1011,0.9,0.1,71
22,20.4,85,1009,0.6,13,72
22,20.6,90,1006,0.8,0,85
23,23.3,85,1006,1.8,0,112
23,26.1,76,1007,1.8,0,104
23,26.5,79,1009,2.5,0.1,98
23,29.2,66,1004,3.9,2.2,116
23,22.6,79,1009,1.8,44,83
23,22.9,88,1007,2,0,101
23,24.3,88,1003,1.4,0,116
24,26,80,1003,1.8,0,144
24,24.2,70,1007,2.9,7.7,142
24,21.2,80,1010,1.3,0,136
24,19.8,88,1007,1.8,0,84
24,20.8,83,1004,2.5,0,126
24,24.2,67,1006,1.5,0,119
24,26,66,1008,1.1,0,136
25,24,78,1011,1.5,0,156
25,24.1,100,1006,1.3,0,128
25,23,97,1006,1.1,0,127
25,22.6,99,1005,1,22.2,86
25,23.1,100,1003,1,26.6,95
25,23.2,86,1006,1.6,0.1,96
25,23.3,76,1007,1.9,32.3,127
26,23.1,78,1011,2.5,11.6,125
26,21.8,93,1009,1.3,0.1,130
26,22.5,97,1004,0.9,0.5,118
26,25.9,82,1001,1,0,120
26,29.4,79,999,1.1,0,103
26,30.6,75,998,2.5,0,112
26,27,90,1001,1.4,47.4,116
27,25.4,89,1005,1.4,0.9,150
27,24.9,88,1007,1.1,0,166
27,24.2,99,1006,1.1,0,119
27,23.6,94,1006,1,0.1,126
27,24.2,91,1002,0.9,0,164
27,25.9,86,1000,2.1,34.2,132
27,27.1,82,1002,1.6,94.8,127
28,24.9,81,1005,1.6,28.4,138
28,22.6,98,1001,0.8,0,107
28,23.4,92,1003,2,0,108
28,26.1,83,1008,1.8,0,104
28,26.5,88,1005,1.6,0.1,100
28,23.8,99,1000,1.6,0,104
28,23.3,94,1004,1.1,0,99
29,25.2,88,1005,0.9,0,124
29,26.5,89,1006,0.6,0,120
29,28.5,83,1005,2.1,0,103
29,28.6,83,1001,1.9,0,95
29,27.2,90,997,3.1,0,98
29,28.5,83,1003,1.3,0,107
29,28.7,88,1004,0.8,0,100
30,30.1,76,1003,2.6,0,108
30,30.2,71,1003,2.4,23.7,111
30,30.5,74,1004,1.8,26.2,87
30,30.9,76,1004,1,2.5,101
30,31.6,73,1003,1.1,0,96
30,30,80,1003,2,1.2,80
30,30.8,70,1006,3.6,0,100
31,30.9,69,1007,3.3,0,93
31,31.2,65,1007,3.1,0,73
31,30.5,66,1008,2.8,0.6,70
31,30.4,70,1008,2.6,0,90
31,29.6,72,1008,2.3,0,54
31,27.7,81,1006,1.9,25.9,61
31,25.4,99,1006,0.6,44.1,57
32,28.5,85,1006,1.8,0,68
32,28.9,78,1005,1.5,0,56
32,28.9,78,1003,1.8,0,59
32,29.3,82,1002,2.4,0,60
32,27.1,91,994,4.3,0,53
32,26.8,92,983,6,0,75
32,31,70,993,2.8,0,67
33,29.9,74,999,1,0,42
33,29.5,76,1000,0.9,11.3,44
33,30,75,1000,1.8,29.6,59
33,29.6,70,998,1.9,4.9,55
33,29.4,72,1000,1.5,0.2,56
33,30.3,67,1003,0.8,29.2,54
33,28.3,74,1005,1.3,78.4,60
34,27.2,79,1007,0.9,3.8,55
34,28.1,72,1007,1.4,0.8,42
34,28.1,67,1006,0.9,0.3,38
34,28.1,83,1008,0.9,0,35
34,28.6,88,1009,0.9,4,40
34,29.2,82,1009,1.6,0,38
34,28.6,86,1008,2.6,0,40
35,30.4,76,1007,2.1,17.7,46
35,31.1,74,1007,2.4,8.6,38
35,29.1,82,1007,1.6,3.7,39
35,23.9,84,1009,1.9,0.1,36
35,23.9,81,1012,1.3,0,43
35,24.4,87,1013,1.1,0,34
35,22.6,97,1014,1.8,0,43
36,23.5,98,1013,0.9,6.3,40
36,25.5,86,1011,0.8,4,45
36,25.1,95,1010,1.1,23.8,30
36,26.6,87,1006,0.9,0,40
36,26.4,82,1000,3.1,0,57
36,27.4,74,1004,1.3,0,68
36,26.2,74,1006,1.8,3.4,68
37,26.8,75,1007,0.8,17.4,90
37,28.1,79,1010,1,0.1,80
37,28.5,77,1013,1.4,0,59
37,27.8,76,1012,1.1,6.7,67
37,27.1,76,1010,1,5.2,71
37,27.2,71,1011,2,0,73
37,26.5,76,1010,2.3,0,106
38,25.3,63,1011,3.5,0,107
38,25.3,69,1013,3,0.7,85
38,25.7,59,1016,4.4,138.5,79
38,23.5,59,1016,4.4,0,85
38,23.2,62,1012,4,0,73
38,20.4,92,1008,6.5,24.8,80
38,20.6,81,1011,4.9,2.2,70
39,22.4,66,1018,2.6,6.9,76
39,21.7,67,1020,0.9,0.1,73
39,21.9,65,1020,0.9,0,52
39,22.1,70,1020,0.9,0,49
39,22.4,73,1020,1.6,0,59
39,23.5,72,1018,1,3.1,46
39,23.8,72,1016,2,0,53
40,23.4,80,1014,1,0,40
40,22.6,96,1003,7.5,0,54
40,24.7,78,1009,3.1,0,59
40,25,80,1012,1.4,0,58
40,26.2,82,1012,1,0,60
40,24.2,79,1017,2.9,0,52
40,22.2,73,1020,0.9,34.2,59
41,22.2,80,1019,2.3,0,54
41,19.6,73,1021,3.3,0,43
41,20.7,77,1018,1.1,0,67
41,22.7,73,1014,1.3,0,62
41,24.3,72,1012,1.3,2.7,39
41,21.8,85,1015,2.4,1.5,49
41,20.8,85,1019,0.8,0,52
42,20.8,82,1024,2.8,0,55
42,18.4,58,1028,3.6,1.2,57
42,18,65,1024,2.6,2.1,68
42,19.9,70,1022,2.8,13.1,61
42,18.9,65,1021,2.5,0,61
42,17.9,72,1022,1.4,0,57
42,17.6,75,1021,1.6,0,55
43,17.4,75,1017,1.4,0,45
43,18.3,74,1015,1.5,0.2,37
43,20.4,69,1015,2.5,1.5,53
43,19.4,72,1018,1.9,0.3,50
43,19.4,66,1021,1,0,51
43,18.4,81,1022,1.8,0,51
43,14.7,90,1020,1.1,2,65
44,15.4,96,1017,0.5,0,62
44,16.3,73,1020,1.6,0,39
44,16.2,69,1022,1,0,40
44,17.1,65,1022,0.8,0,49
44,16.5,74,1021,1.3,0,58
44,17,82,1019,1,0,57
44,16.6,89,1019,1,0,36
45,17.6,76,1022,2.3,0.9,58
45,16.1,67,1020,2,0,59
45,16.5,76,1017,1,0,51
45,17.2,77,1019,1.5,1.4,45
45,15.9,63,1023,2.5,0.1,47
45,13.5,66,1023,1.3,1.8,40
45,14.8,65,1016,1.1,0,52
46,15.3,57,1017,1.5,0,48
46,15.1,75,1020,0.8,0.1,47
46,17.6,69,1022,2.8,9.2,39
46,14.2,50,1025,2.4,0.2,30
46,14.5,64,1019,1.5,0,51
46,17.6,68,1016,1.9,0.3,39
46,21.4,70,1015,3,3.4,34
47,12.8,71,1025,5.8,5,26
47,10.7,50,1028,3.1,17.6,34
47,13.3,60,1028,1.5,3.4,42
47,14.7,76,1025,0.9,0.1,28
47,16.2,87,1021,0.5,8.6,30
47,17.9,98,1019,0.3,0.7,15
47,18.9,89,1020,2.4,0,38
48,10.4,82,1031,3.6,0,16
48,9.8,77,1029,1.5,8.9,35
48,10.7,90,1027,2.4,0,22
48,10,69,1031,4.5,0,24
48,9.9,71,1030,1.5,0,26
48,11.5,86,1025,0.6,0,27
48,10,85,1023,3.8,0,56
49,7.6,58,1029,4.6,0,27
49,6.4,68,1029,1.3,13.2,30
49,7.8,59,1031,1.5,1.1,20
49,7.2,74,1033,1.4,10.8,23
49,8,73,1034,2.5,16.5,34
49,5.4,68,1032,1.4,0,24
49,5.8,68,1029,0.9,12.1,37
50,8.7,67,1024,0.6,18.8,34
50,10.7,69,1020,0.6,18.8,42
50,10.6,60,1022,2,17.6,29
50,8.9,74,1028,0.9,19.6,26
50,10.3,76,1025,1.4,0,21
50,10.7,83,1026,0.9,0,24
50,12.9,85,1024,1.4,0,21
51,16.8,83,1018,1.4,0.6,17
51,14.9,82,1019,2.3,9.8,22
51,9.3,89,1026,2.9,0,14
51,6,92,1028,2.9,0,13
51,7.5,90,1028,1.5,0,19
51,9.5,100,1022,0.9,5.9,30
51,10.5,92,1019,1.9,0,11
52,10.1,96,1022,0.4,8.4,34
52,11.4,99,1023,0.8,5,18
52,13.4,96,1018,0.6,0,16
52,10.6,79,1022,5.6,0.8,20
52,5.4,67,1028,2,12.7,13
52,8.2,76,1025,1.5,9.8,12
52,14.9,72,1020,2,0,16
53,11.8,70,1026,2.7,0,17
53,5.5,57,1036,4.6,0.6,12
