8,0,8,19,4,4,9,30,11,5,10,25,17,10,11,8,13,5,0,2,0,0,2,3,0,0,1,0,0,0,0,0,4,6,7,1,6,2,1,48,2,3,28,16,4,25,21
17,2,6,19,8,9,7,28,10,1,11,24,40,19,12,12,8,0,6,4,0,6,7,4,7,0,18,5,0,0,2,0,10,12,8,0,5,4,0,72,2,0,37,13,3,33,21
16,3,6,15,9,5,9,22,6,4,26,20,30,27,30,2,8,5,4,2,2,9,3,15,1,1,22,1,0,0,2,2,3,10,7,1,3,10,2,136,4,5,45,16,2,28,24
17,3,4,15,8,2,9,19,11,6,24,17,22,26,30,9,13,2,1,8,0,9,9,6,7,0,31,1,1,1,12,3,6,7,6,0,3,6,4,113,6,1,45,18,5,17,6
12,3,3,15,3,1,18,30,5,14,15,8,24,28,23,5,13,1,3,2,4,15,7,9,0,1,27,1,0,0,3,11,16,18,0,0,6,6,12,122,1,1,57,36,1,16,16
11,1,0,22,4,1,3,22,14,7,17,10,22,25,15,8,15,0,1,0,4,21,7,9,5,1,29,5,0,0,2,14,4,20,1,1,0,1,5,132,5,8,24,24,0,13,13
3,1,2,8,2,1,3,24,8,21,15,3,14,29,15,7,34,1,0,1,7,16,4,9,6,4,24,8,0,1,9,11,6,9,6,0,4,2,2,127,4,1,21,32,0,12,23
12,2,4,7,1,2,6,21,3,13,13,3,14,20,25,9,20,2,0,4,4,16,7,8,7,3,31,12,2,1,3,31,5,13,1,0,0,1,9,180,8,11,10,18,1,12,14
12,1,2,5,0,1,9,28,6,11,16,6,24,16,27,2,29,0,0,6,3,11,11,9,9,5,39,9,2,2,5,21,5,8,0,0,1,1,6,164,1,2,12,16,4,6,25
3,3,1,9,0,2,7,16,9,11,13,3,19,17,56,2,26,0,1,3,7,23,21,9,12,1,27,4,1,2,4,22,6,14,2,0,0,0,3,165,4,3,12,26,0,3,57
2,4,2,13,0,1,3,9,8,7,15,9,21,14,57,15,21,0,0,4,7,30,14,8,12,5,32,2,1,1,8,35,11,12,2,0,2,1,0,167,8,6,7,9,0,5,39
3,4,1,7,3,4,6,9,4,4,18,6,25,20,37,11,6,0,1,2,12,16,6,6,6,7,32,5,1,0,1,25,2,19,0,0,0,0,0,130,3,10,16,8,5,11,46
1,0,0,6,3,9,6,10,2,3,15,41,19,10,39,8,8,0,0,7,9,8,17,4,8,7,27,5,0,0,0,18,9,13,7,0,1,1,1,124,10,12,5,8,3,7,46
7,1,0,5,0,14,2,6,3,7,18,0,18,15,50,4,6,2,1,5,9,21,20,2,9,1,20,3,3,1,3,41,4,10,3,0,7,1,0,122,10,19,29,8,4,5,71
11,0,1,2,1,24,4,7,2,5,32,2,29,12,35,5,5,0,8,5,4,24,13,7,9,0,35,5,5,0,9,58,2,19,3,0,1,1,0,228,24,12,25,12,2,12,168
10,1,0,1,0,8,2,6,5,3,34,5,33,9,43,5,8,0,1,0,3,26,15,10,7,1,60,8,10,1,9,83,2,36,3,0,2,6,0,260,15,23,19,9,1,6,158
2,0,1,3,0,5,4,15,6,6,57,4,36,17,34,13,4,3,2,1,6,20,20,6,17,3,72,16,5,0,11,83,2,37,9,0,4,2,0,310,33,19,43,17,4,12,178
1,8,3,7,0,4,5,13,7,1,42,8,21,7,44,13,3,2,4,1,2,21,21,17,6,3,54,15,2,1,7,79,2,48,10,2,1,0,3,272,27,11,37,7,1,20,132
6,7,0,12,1,13,3,8,11,7,52,19,33,21,44,21,6,0,11,2,2,34,32,23,12,12,59,16,7,0,14,75,2,42,19,1,3,2,3,304,28,16,54,8,4,13,134
5,5,0,9,0,8,4,9,19,6,63,24,86,26,31,19,4,10,14,6,4,14,45,30,22,23,101,24,7,2,14,98,14,66,20,7,6,4,2,328,46,39,98,32,12,41,121
7,7,0,11,0,8,2,21,27,8,83,27,118,78,49,41,9,8,16,5,12,40,39,66,17,25,129,32,23,1,31,56,17,80,35,1,10,10,4,440,55,41,119,42,12,42,99
4,20,2,13,5,3,3,12,16,9,155,36,123,73,49,43,19,14,24,3,18,28,47,78,19,38,141,53,32,4,28,43,53,101,52,0,5,10,2,375,76,54,130,53,17,44,89
9,7,1,3,2,4,11,21,32,14,176,45,168,104,44,50,21,14,30,7,23,38,68,132,43,38,240,71,41,4,47,56,58,133,84,1,24,5,13,546,147,80,184,87,36,93,60
11,12,1,13,4,10,13,41,49,10,214,102,260,186,80,70,21,17,31,14,35,78,99,158,35,27,270,115,45,7,77,66,64,192,119,4,25,13,8,619,183,133,257,173,62,114,44
5,30,3,39,2,16,18,81,74,27,413,241,536,361,113,78,19,28,63,21,54,121,141,176,49,64,370,165,47,18,108,75,84,332,268,12,20,21,5,847,224,207,403,304,102,164,40
10,27,3,35,5,22,20,172,99,38,790,404,1044,585,166,117,15,33,70,28,51,243,327,292,49,148,682,253,82,26,200,96,176,546,452,16,47,39,28,1193,283,371,537,440,145,201,31
21,41,4,49,2,36,26,244,143,75,1229,618,1575,910,238,160,27,49,145,57,75,365,521,284,62,208,891,469,152,55,255,122,209,728,609,58,61,73,73,1334,268,518,592,619,233,353,42
31,90,13,75,2,51,50,508,261,178,2127,1089,2841,1545,448,191,71,95,215,85,137,675,1002,471,107,256,1418,675,195,95,236,106,334,800,806,96,155,121,160,1192,245,597,615,717,255,448,47
61,69,27,125,17,108,93,651,381,263,2972,1536,3593,2065,491,221,95,126,288,152,187,835,1498,439,144,221,1589,882,194,138,190,96,414,822,590,113,263,158,170,1008,159,409,426,455,220,449,52
88,127,87,202,53,138,158,647,497,357,2929,1446,4126,2332,795,177,199,164,313,251,216,960,1926,566,214,293,1562,1250,187,147,160,147,466,703,428,142,419,269,212,667,92,346,279,321,252,391,72
186,125,162,324,47,176,284,706,420,442,2710,1518,3648,2273,1113,213,172,188,384,489,279,1069,2009,517,216,385,1403,1149,164,196,116,164,415,515,255,132,320,284,245,476,95,244,161,210,220,303,65
267,223,210,358,112,241,378,520,444,442,2066,1182,2844,1543,1283,167,221,256,430,755,375,979,1753,472,231,323,1156,1017,200,199,122,193,292,372,235,83,267,324,232,330,62,190,125,138,253,351,64
420,221,283,278,182,127,452,436,305,271,923,688,1268,782,871,116,197,164,209,471,225,675,1028,333,175,221,717,687,126,170,84,127,218,220,129,118,213,241,195,204,40,117,80,83,155,289,40
762,237,245,337,147,157,270,249,193,261,835,682,1122,886,634,98,146,112,180,488,157,571,766,233,137,228,497,509,85,106,74,80,124,194,82,60,86,232,135,174,22,72,51,68,147,216,22
1177,251,282,321,242,217,254,202,201,269,737,521,943,712,745,110,176,134,139,585,208,555,685,239,183,361,519,384,96,98,44,108,136,147,71,71,70,210,173,137,10,68,57,67,163,194,25
1480,244,259,324,262,152,247,185,152,216,595,485,732,602,667,139,165,121,91,475,218,488,574,226,201,312,433,338,88,90,47,104,139,87,64,83,66,187,152,170,15,80,63,59,121,171,37
1820,237,232,353,245,200,235,123,212,243,558,495,738,467,641,139,153,113,106,433,199,459,660,260,183,378,401,311,63,91,46,84,122,87,45,94,72,155,202,147,28,86,60,48,107,208,23
1264,141,214,291,174,141,173,101,146,182,419,351,553,402,563,138,112,75,55,257,155,351,507,230,143,242,292,196,41,76,46,62,79,67,29,54,36,95,160,112,18,67,55,42,90,144,23
717,83,130,218,94,107,116,76,75,112,224,236,325,241,304,86,58,63,49,186,120,207,345,150,111,134,218,149,32,33,29,34,66,39,18,43,25,105,80,90,21,55,38,20,81,135,21
709,72,124,188,50,103,88,53,97,113,252,248,350,222,180,76,72,54,42,142,73,147,274,98,99,127,173,116,31,39,27,25,72,36,30,46,17,72,66,94,28,60,52,37,84,203,15
562,41,87,210,50,100,101,52,60,99,263,251,384,246,225,92,36,48,35,142,58,142,200,99,81,111,196,102,28,22,30,25,65,30,37,52,30,65,61,131,37,85,42,23,101,272,14
448,47,56,145,36,80,88,37,36,69,174,214,296,178,128,75,27,49,14,73,58,118,166,111,48,97,143,94,13,9,47,19,51,19,25,32,12,69,69,133,46,65,32,8,65,232,20
358,23,26,107,30,61,65,38,22,27,174,163,196,127,89,79,36,61,15,68,37,99,113,96,43,83,112,79,16,3,32,31,35,24,24,21,13,36,46,124,64,76,41,19,86,213,23
289,30,33,101,28,27,64,40,15,53,128,143,212,151,69,59,30,61,9,59,46,94,132,63,41,84,92,88,13,9,50,49,31,22,47,36,8,38,48,144,98,88,32,41,105,272,26
178,7,36,95,17,24,50,26,12,31,106,89,125,102,52,38,17,36,9,41,47,50,107,57,24,56,77,66,8,7,39,17,14,29,21,36,6,21,38,125,64,77,40,28,101,220,29
135,10,15,64,6,23,29,22,8,25,67,81,95,90,36,35,19,25,4,32,27,49,68,48,23,28,73,66,3,18,45,21,22,20,24,15,3,26,26,135,69,73,53,15,106,244,25
104,7,10,51,9,8,30,12,4,12,63,59,64,78,21,26,17,39,5,19,51,53,60,55,29,40,66,55,17,20,27,31,18,11,32,27,6,17,19,130,61,61,57,23,168,202,19
87,10,3,52,8,11,32,14,3,18,55,33,65,62,29,20,16,36,2,17,28,29,51,33,19,36,50,62,8,26,21,22,7,10,38,17,5,10,15,182,68,63,59,17,142,249,16
82,5,7,28,2,3,8,13,3,9,42,27,61,52,9,6,8,26,5,11,23,19,42,30,20,29,52,43,4,27,26,5,8,12,24,24,6,9,6,165,51,51,61,23,110,195,16
57,2,12,14,4,5,4,7,4,7,19,11,56,48,8,12,8,24,1,13,28,18,32,5,20,36,46,29,3,17,30,12,8,13,21,26,2,9,14,146,51,56,50,27,124,153,14
45,1,12,12,2,1,9,15,1,5,31,15,41,23,11,7,4,17,0,14,19,15,31,5,32,21,35,25,5,23,24,5,4,10,19,24,8,19,3,141,73,57,38,9,65,135,18
30,1,5,5,0,1,7,10,2,3,9,8,31,35,7,5,9,18,0,9,13,11,19,3,12,19,29,10,3,8,13,2,6,6,7,6,3,11,3,106,24,35,67,7,60,71,8
2,0,2,0,0,0,1,2,0,0,3,4,2,5,2,1,2,6,0,1,7,2,9,0,1,8,4,2,0,2,1,2,3,7,3,4,2,2,0,39,4,10,19,8,13,44,10
8,3,0,4,1,0,3,3,0,1,4,2,21,10,4,1,3,6,0,2,6,10,6,2,8,11,7,5,1,3,1,1,7,3,6,3,1,1,1,33,10,13,24,0,20,28,9
13,4,0,2,0,1,0,2,2,1,3,8,13,5,0,1,2,1,0,3,7,2,9,0,16,11,12,5,0,3,1,0,3,0,4,0,0,4,1,50,11,16,37,6,17,27,8
7,2,0,1,0,1,0,4,2,0,8,15,9,15,1,2,2,4,1,1,3,0,14,0,11,7,8,8,1,2,1,0,3,3,6,0,1,3,1,78,11,26,53,6,58,24,5
5,0,1,2,0,0,1,4,2,1,11,2,20,10,1,4,1,2,0,0,1,3,8,4,14,5,11,4,1,1,1,1,1,1,8,0,1,3,0,75,6,13,59,8,60,19,6
8,0,0,1,0,0,1,7,0,2,3,3,13,11,3,0,5,1,1,4,0,0,16,2,3,4,8,6,0,0,1,3,0,1,2,2,0,2,1,69,2,9,60,5,67,17,2
10,1,0,2,1,3,1,1,0,0,4,3,16,8,1,0,10,0,2,5,0,1,13,1,2,2,4,5,1,1,0,0,1,3,2,1,0,4,1,51,7,9,41,6,37,21,8
9,1,0,2,0,1,0,6,0,1,1,2,9,14,1,0,8,2,0,2,1,1,10,0,5,3,8,6,0,1,0,0,0,1,2,0,0,1,6,38,1,3,49,1,28,10,1
3,1,1,0,0,0,0,6,1,2,5,8,12,8,0,0,14,1,0,1,1,2,12,0,0,4,7,1,0,3,0,0,1,5,0,1,0,2,0,43,6,11,64,8,33,6,1
5,0,0,0,0,1,1,3,0,1,4,0,11,4,1,0,8,0,0,3,1,1,6,0,1,1,11,7,1,1,0,2,1,0,6,1,0,1,0,53,2,17,30,6,28,15,3
4,0,0,1,0,0,0,2,0,2,3,2,8,8,2,1,12,0,0,2,3,0,5,1,3,1,8,4,1,2,0,0,0,2,4,1,0,0,0,54,5,13,58,13,47,5,1
7,0,0,0,0,0,0,0,1,0,11,8,7,0,1,0,11,0,0,1,4,1,7,1,9,1,3,3,0,1,0,0,0,1,6,0,0,0,0,49,5,3,53,15,43,3,2
3,0,1,2,0,0,2,0,0,0,10,0,8,6,2,0,4,1,0,1,0,3,9,0,5,0,3,3,0,0,0,0,2,3,5,0,1,0,1,27,3,3,59,20,46,6,2
7,0,1,1,1,0,2,1,1,1,7,0,12,4,1,0,2,0,0,1,3,2,14,2,6,0,12,7,0,2,0,1,1,1,5,0,0,1,0,46,4,9,84,19,50,4,0
6,1,0,0,0,0,0,1,1,0,5,3,20,7,0,0,5,0,0,6,0,1,12,2,3,0,9,7,1,0,1,2,0,0,3,0,1,0,0,54,2,6,91,29,71,11,3
17,1,0,0,0,0,0,3,1,2,3,5,7,9,0,1,10,3,0,3,1,1,14,3,2,1,9,6,0,0,1,1,0,1,18,0,0,1,0,55,1,4,101,30,51,10,7
14,0,2,1,2,0,2,1,1,0,8,1,19,6,4,0,17,3,1,6,7,1,12,1,2,4,10,7,0,2,0,0,0,2,34,0,2,1,0,58,2,6,117,75,61,18,7
7,0,1,3,0,1,0,5,4,2,10,4,27,10,0,1,6,2,0,3,7,2,16,3,3,1,11,7,0,2,0,3,3,0,27,0,2,3,2,47,9,4,121,58,65,15,5
8,0,3,1,0,1,1,3,0,1,11,4,25,13,2,0,9,0,7,2,4,3,5,3,7,1,15,5,3,0,0,2,1,2,24,2,1,3,0,37,3,5,105,45,47,21,3
11,0,2,2,1,0,0,2,4,3,12,8,25,7,2,1,7,1,3,5,12,3,16,8,1,0,24,15,2,2,2,3,1,5,18,0,0,0,1,52,10,11,111,42,77,43,3
8,0,1,1,1,3,1,3,10,3,11,14,61,17,3,0,7,1,2,2,19,2,20,11,1,2,31,21,1,1,0,2,4,4,28,3,0,6,1,81,7,25,124,78,95,65,15
16,2,0,2,3,1,4,9,4,3,37,14,59,30,2,7,10,3,1,7,26,5,22,14,5,5,36,25,5,2,0,4,4,8,31,0,1,9,2,145,6,49,103,103,125,85,13
13,1,0,5,4,3,3,17,9,5,57,26,69,51,7,2,22,3,3,10,34,6,19,20,7,8,49,27,10,7,2,3,6,6,27,1,1,4,0,186,4,23,66,144,114,125,12
29,4,4,7,8,0,6,12,5,3,56,44,80,57,5,4,29,3,7,8,28,12,48,30,15,5,68,26,7,4,0,5,3,8,43,0,2,8,3,231,2,29,81,183,153,126,21
50,2,1,4,4,1,6,21,9,12,100,105,119,110,17,5,46,13,0,16,44,10,71,37,12,13,80,20,13,9,2,14,4,8,40,3,1,9,3,248,3,25,73,154,142,120,25
55,4,5,7,3,0,11,23,12,19,97,90,154,129,18,11,48,8,2,15,51,13,107,45,5,7,82,43,10,9,5,6,11,16,53,3,3,11,4,275,13,29,99,146,178,120,33
57,12,20,11,5,3,13,21,9,23,123,106,188,184,26,6,59,8,11,18,66,21,123,42,21,11,101,49,25,9,9,7,8,10,49,4,1,8,7,366,11,46,92,175,113,135,48
71,12,6,23,5,2,18,29,18,27,181,183,285,243,45,7,68,13,19,21,90,40,194,56,12,21,75,79,8,14,3,6,11,19,87,4,2,10,6,471,9,43,100,124,142,91,33
92,12,18,24,13,4,13,42,19,46,228,180,405,401,44,6,112,9,27,24,126,41,285,105,14,42,83,83,6,8,3,12,18,24,115,4,3,15,2,605,28,48,136,147,112,85,45
87,14,18,13,8,9,18,40,19,58,191,122,339,236,45,12,100,9,20,57,117,48,309,97,14,23,75,70,8,4,4,9,12,21,106,5,4,22,2,622,26,30,124,128,88,71,54
176,12,43,23,3,8,9,45,22,57,217,118,348,227,56,6,119,14,21,69,94,52,266,85,9,24,82,74,8,10,4,12,9,20,95,3,2,28,1,494,42,31,119,132,113,60,54
158,21,31,22,17,8,19,30,16,46,180,135,301,159,78,5,107,6,17,55,74,52,223,76,17,20,49,67,7,7,1,7,13,19,108,4,4,27,2,430,52,30,113,101,94,67,50
129,8,35,9,8,10,15,42,9,35,106,93,131,79,46,8,99,13,10,40,62,43,146,58,9,17,46,62,4,6,1,5,26,23,67,2,2,29,4,301,82,25,98,94,60,63,35
131,11,25,22,6,20,19,52,23,54,132,89,211,145,49,8,139,13,12,65,82,43,164,63,17,24,61,52,4,9,1,8,19,19,94,4,7,53,5,246,84,37,91,79,64,52,72
184,19,70,21,9,27,30,35,26,70,197,111,262,172,60,8,133,29,15,58,63,67,155,79,7,43,69,55,12,7,1,7,32,42,130,14,9,58,16,333,84,56,87,71,70,68,73
188,21,75,19,13,34,24,59,26,70,241,162,253,210,66,23,192,52,15,73,81,41,203,61,12,39,71,34,4,7,2,10,25,55,128,21,8,48,10,269,77,60,97,93,85,62,55
162,12,68,23,8,51,39,70,34,65,250,159,304,171,28,31,142,34,16,60,75,34,251,51,14,70,68,41,6,8,2,18,25,67,111,13,12,62,19,260,61,65,102,94,98,62,71
130,3,52,27,4,49,39,80,26,28,198,132,227,160,15,34,78,16,11,36,50,34,181,37,7,24,57,29,5,2,1,8,17,42,106,9,8,77,7,173,43,55,48,46,47,73,54
111,9,23,6,4,48,21,96,18,24,176,102,160,122,25,26,45,7,2,18,27,34,135,18,11,21,64,26,4,12,0,1,14,28,75,2,6,36,13,140,33,49,39,57,39,98,54
118,6,21,12,3,41,25,88,16,31,204,122,194,101,15,27,31,8,6,26,35,19,135,17,12,28,44,28,5,14,0,14,22,38,62,7,3,72,16,167,42,52,46,62,42,112,55
134,9,26,28,7,56,33,87,16,18,149,140,221,126,31,37,68,16,0,29,23,22,138,24,8,33,45,46,10,9,0,9,17,40,78,6,5,100,19,117,49,70,49,68,20,118,82
95,9,25,16,1,79,33,54,17,14,140,143,152,81,22,33,39,14,0,12,9,17,99,7,16,35,45,29,22,7,2,2,7,29,50,7,12,61,17,89,29,19,35,37,29,96,57
118,18,16,13,2,68,32,47,25,27,127,127,138,58,21,28,21,8,1,38,11,20,139,9,12,42,24,15,23,21,1,6,9,28,51,9,4,58,24,95,52,39,43,42,38,76,66
96,10,18,18,3,58,36,105,39,33,157,139,173,101,20,30,19,16,0,36,20,16,139,8,13,54,48,47,34,26,1,7,16,54,29,6,0,96,46,128,38,56,68,39,35,102,99
127,3,10,15,2,65,34,61,40,21,121,115,155,79,27,26,11,20,0,25,15,21,139,7,14,50,47,46,15,22,1,0,13,57,38,0,6,107,52,100,14,44,39,31,15,86,103
144,4,5,26,1,61,31,82,45,40,112,144,154,88,11,27,23,18,0,40,11,20,133,7,14,49,70,36,13,44,0,4,18,73,39,0,3,100,46,120,43,28,39,43,25,112,106
169,6,2,36,2,83,51,85,44,53,97,142,146,108,22,29,17,17,2,41,11,32,137,14,18,44,61,69,8,33,0,9,29,82,50,4,13,123,70,177,59,23,61,39,19,98,113
160,6,3,20,4,46,28,57,43,37,101,87,99,68,20,21,13,14,0,35,10,34,98,21,14,46,67,39,18,29,3,1,27,92,16,4,2,107,56,137,37,24,50,34,18,117,90
141,3,11,21,3,55,37,55,37,45,92,96,101,84,10,24,20,21,3,50,13,21,124,17,13,66,87,38,26,27,3,5,34,82,35,3,7,155,83,172,30,41,56,32,42,92,120
143,1,8,23,1,48,35,60,45,64,99,90,114,80,9,30,20,16,0,41,10,28,138,31,12,54,102,60,32,38,6,4,28,92,33,6,11,134,114,136,29,35,85,23,46,105,149
156,0,1,13,0,64,25,45,31,43,78,52,99,70,16,44,9,25,0,27,16,16,130,17,20,46,82,54,36,37,2,6,47,84,45,12,17,138,94,139,38,30,86,18,26,87,87
114,0,1,14,6,64,15,28,39,27,43,43,66,55,16,26,11,20,1,30,9,23,131,14,11,50,64,59,26,32,0,14,30,77,42,6,21,95,77,123,45,35,58,25,12,60,65
40,1,0,11,1,20,7,7,6,1,12,7,10,10,3,2,2,7,0,3,7,6,17,4,5,6,13,5,2,4,0,3,12,21,8,1,8,20,19,32,11,5,22,9,2,25,29
42,1,1,8,0,39,6,8,15,6,28,25,46,25,10,3,2,13,0,10,8,4,45,15,7,27,39,38,14,12,0,3,8,33,22,6,6,23,17,59,15,15,24,16,7,41,15
29,2,1,11,0,44,10,11,10,11,13,8,26,23,12,6,0,14,0,4,2,5,46,10,5,18,45,36,7,6,0,7,17,11,9,0,15,9,23,63,17,17,21,18,11,44,33
61,6,2,12,2,37,15,14,10,26,13,12,23,23,13,7,0,19,0,19,4,10,39,9,8,38,56,49,10,13,0,11,7,22,15,1,13,18,13,102,27,42,34,9,5,65,28
52,0,3,12,2,31,13,22,8,13,20,7,29,19,7,19,1,10,3,6,11,9,39,16,10,18,99,80,13,6,1,14,12,19,8,1,22,15,34,109,35,38,47,28,10,59,47
50,1,1,8,2,24,7,20,6,18,34,10,22,24,22,6,0,10,0,7,11,7,52,19,9,50,111,75,10,13,0,26,20,26,6,12,16,7,18,129,28,38,52,38,12,71,55
42,1,0,7,1,27,11,18,11,26,17,12,20,11,16,3,2,8,0,8,8,15,21,9,11,30,106,80,15,9,0,17,22,20,7,7,13,4,21,103,37,47,32,23,3,34,58
51,0,0,1,1,35,20,16,9,31,11,12,23,30,5,11,0,17,0,3,3,20,31,8,10,13,73,71,25,6,0,15,14,13,14,8,11,1,25,69,31,50,39,32,12,38,45
49,1,1,4,0,64,9,16,5,24,13,7,26,14,13,18,0,15,0,3,0,7,28,17,11,27,115,74,16,18,0,23,30,13,10,8,11,6,11,112,36,72,40,26,8,37,70
52,3,0,6,1,49,16,8,13,20,22,14,25,26,14,9,0,21,0,5,2,8,37,18,16,29,141,99,36,25,2,34,37,16,4,8,28,14,14,99,50,50,44,31,11,51,68
59,5,0,16,7,43,27,4,16,26,25,12,20,10,24,10,2,31,0,1,0,16,26,21,15,29,184,99,26,23,2,50,37,20,10,8,42,13,17,86,33,66,62,32,13,38,70
49,6,0,20,6,30,42,22,16,43,22,6,27,6,37,8,0,25,0,0,4,9,17,16,8,23,194,133,27,27,11,42,16,8,8,5,31,6,28,76,24,38,50,32,21,23,66
70,12,0,27,3,35,50,15,8,37,21,10,26,14,21,27,2,24,0,0,9,10,32,23,19,29,235,118,27,30,14,84,16,21,6,14,36,5,26,114,50,51,69,37,22,29,40
49,20,1,16,0,22,23,7,7,28,15,3,17,29,4,21,2,21,0,1,4,4,25,18,8,37,188,121,25,16,17,70,23,28,8,14,33,7,35,95,63,53,66,53,53,23,33
23,8,3,15,1,22,18,10,9,23,15,5,35,24,12,28,0,37,0,1,3,9,30,10,16,36,275,122,27,15,19,89,9,29,14,12,22,7,18,148,64,85,108,67,53,45,83
38,31,0,12,1,16,32,11,23,34,41,15,38,47,14,33,2,38,0,0,4,16,37,31,25,58,477,227,22,27,34,120,19,30,22,12,23,10,52,236,63,85,125,70,64,46,78
47,30,2,18,2,46,35,15,28,48,79,17,58,80,25,66,2,55,0,5,9,33,70,27,55,83,559,287,88,61,79,98,38,32,46,40,42,4,67,336,70,123,144,105,37,66,90
52,18,1,33,2,21,62,18,40,38,101,26,69,70,29,58,2,42,2,1,7,24,68,40,60,100,563,282,75,89,76,99,40,38,73,52,50,8,68,321,111,190,125,91,31,64,94
25,18,0,16,0,9,34,15,28,28,64,20,64,51,26,17,2,23,4,0,11,24,51,28,35,60,360,219,58,38,57,42,40,22,45,72,51,8,23,268,57,88,87,52,25,27,91
33,19,13,38,5,25,29,10,32,44,110,27,85,129,25,18,10,24,17,9,14,44,59,54,39,77,388,242,59,55,62,38,51,55,53,97,81,16,36,441,68,153,152,101,37,68,158
49,29,15,43,4,49,53,24,54,104,187,45,148,180,34,31,12,39,18,15,20,81,94,74,69,138,592,392,86,72,110,62,74,66,99,187,157,41,72,567,97,185,260,168,66,155,138
41,53,22,64,12,71,76,31,82,131,208,65,270,222,80,31,9,36,24,11,22,116,142,103,77,196,658,542,95,93,81,53,88,99,126,266,192,61,60,592,118,185,276,156,67,188,131
50,62,15,66,4,66,57,26,93,144,248,69,351,278,65,22,7,36,18,16,11,134,112,93,55,179,584,426,77,78,61,57,97,105,166,241,153,48,35,488,86,178,242,114,75,188,134
115,71,26,101,6,81,130,31,141,247,332,97,489,381,123,59,27,86,39,24,18,183,154,135,99,334,874,675,129,95,129,83,126,152,226,318,238,74,28,622,119,145,299,136,111,236,77
166,98,25,90,5,87,183,79,182,280,434,119,721,544,146,55,34,109,62,35,21,322,230,150,132,482,1097,885,213,139,117,53,191,230,330,370,268,82,47,812,142,171,296,149,185,368,82
206,119,56,201,3,113,360,117,361,449,785,251,1158,828,188,74,68,163,45,50,22,385,287,170,175,814,1137,855,225,159,135,71,248,292,418,370,399,124,73,865,123,161,369,202,203,441,61
260,146,83,300,4,163,387,140,494,518,1034,375,1533,1255,200,134,150,330,66,56,27,442,314,181,224,950,1398,888,263,197,129,125,291,344,490,236,312,127,63,851,124,165,393,235,306,537,54
325,160,117,431,17,175,530,285,592,689,2014,521,2720,1914,383,158,272,438,101,90,51,647,496,239,275,1079,1812,1037,534,243,138,110,277,366,490,192,298,124,68,934,125,165,399,271,320,665,42
404,200,175,592,28,250,696,499,858,839,3223,958,3936,2844,534,232,491,513,171,204,86,989,842,376,345,1300,2537,1387,556,300,194,148,425,344,486,143,279,159,73,1059,171,194,392,290,415,730,53
564,270,194,790,44,404,779,499,713,737,2942,990,3606,2699,763,249,558,323,210,330,103,969,885,262,359,745,2234,1177,464,212,98,133,330,320,379,108,121,158,96,885,143,137,276,225,521,433,67
987,435,355,1105,104,560,807,639,622,760,2660,1223,3678,2676,1156,322,500,303,205,686,137,832,1104,298,310,679,2252,1309,339,253,110,131,392,372,352,121,127,186,137,977,176,183,327,205,706,441,50
1171,537,484,1040,186,605,631,555,428,636,1997,1001,2885,2074,1237,299,389,177,196,929,152,559,911,262,245,460,1969,1177,240,208,80,150,348,369,240,120,170,180,103,898,172,187,203,159,588,279,49
1152,462,393,624,259,404,421,432,208,367,921,639,1453,1286,881,201,157,76,110,724,105,369,629,167,170,233,1072,640,75,158,49,77,194,202,139,145,150,142,104,661,116,149,144,134,424,176,29
1196,550,440,726,315,377,390,445,183,343,872,748,1232,1171,968,194,105,77,98,770,121,230,545,143,158,189,977,725,104,127,58,100,224,265,97,131,134,120,94,642,81,146,151,173,370,153,36
1163,564,469,643,329,386,296,410,191,327,871,732,1404,1273,918,204,74,51,72,786,194,294,593,157,134,132,912,686,80,164,43,67,244,278,134,215,191,173,113,595,116,123,172,290,285,166,22
960,477,373,717,313,382,299,341,158,292,804,798,1198,1113,743,181,56,49,41,737,194,228,656,200,123,99,769,594,55,156,30,46,190,304,181,165,177,176,123,586,120,97,187,249,212,128,15
969,307,369,787,289,338,295,327,192,311,735,762,1193,1214,710,178,46,33,59,587,246,204,756,155,105,77,624,615,32,129,17,42,177,371,224,140,196,157,147,562,127,103,187,321,173,128,22
827,263,343,734,202,339,264,316,111,304,611,857,1100,1000,696,139,44,22,47,470,190,177,637,122,90,58,510,528,28,122,24,38,125,319,218,125,151,179,110,445,84,80,121,300,106,100,10
515,167,136,445,86,127,126,208,94,116,376,502,594,590,268,44,19,16,29,183,95,125,387,79,55,18,318,217,21,69,4,29,86,182,109,83,83,141,91,231,47,50,97,213,37,47,7
390,144,122,374,70,136,101,172,84,104,379,463,618,623,213,44,22,9,13,167,96,111,358,102,48,19,276,226,12,66,5,28,81,169,146,55,65,123,79,289,37,53,105,215,38,43,10
375,119,108,284,55,102,89,118,79,60,288,314,393,439,190,32,14,14,16,138,66,80,272,62,30,14,163,153,8,37,3,31,51,162,138,36,50,132,80,191,55,37,89,180,40,47,13
352,121,64,167,30,69,67,64,32,36,162,183,215,274,108,23,15,5,18,112,22,54,210,48,13,8,100,93,8,15,3,23,24,83,111,18,38,83,34,109,26,19,51,76,17,24,8
255,96,54,114,56,49,54,58,26,24,140,171,180,181,94,11,10,5,10,88,22,21,167,30,23,4,56,53,2,13,1,32,20,69,80,9,23,75,36,77,13,8,38,52,21,18,8
234,111,38,100,48,31,61,43,17,22,63,124,141,149,85,8,11,4,3,49,20,36,123,16,11,2,37,38,5,9,2,25,7,60,57,3,16,52,26,49,10,7,15,29,15,6,2
183,80,34,54,42,20,34,47,26,14,70,109,98,106,64,11,8,1,9,46,15,29,101,8,8,1,29,31,11,7,0,21,7,69,63,4,13,44,10,38,12,4,12,34,10,11,4
122,39,16,44,40,7,17,27,20,13,52,73,57,91,34,8,6,1,11,21,17,24,78,8,11,2,28,22,3,6,2,12,10,64,50,1,9,14,2,22,2,6,21,22,13,6,2
141,28,23,39,28,10,25,45,17,13,51,89,97,78,50,17,3,3,23,25,12,13,68,5,13,2,14,10,5,4,0,18,9,44,52,2,3,21,2,21,2,5,33,12,24,10,1
97,27,26,27,8,15,15,19,16,4,30,54,56,47,36,18,3,2,6,25,9,11,62,5,7,3,13,7,5,7,0,8,7,36,29,0,4,14,4,27,0,2,19,7,12,9,0
76,27,31,33,9,14,16,13,8,1,34,61,42,40,24,2,2,3,4,8,17,10,59,6,9,3,8,17,4,1,4,9,7,20,19,0,1,4,1,20,0,0,20,2,16,12,2
77,19,28,22,5,5,9,3,7,10,29,43,30,33,20,8,3,5,4,9,6,9,47,5,3,3,14,10,6,0,0,4,5,11,8,0,1,9,0,10,0,0,22,8,7,7,1
48,18,5,3,8,5,6,14,9,2,24,29,27,19,16,1,3,1,1,11,7,7,32,6,3,3,13,6,2,0,0,2,3,13,4,0,0,5,0,15,2,0,8,1,6,6,2
46,10,8,5,3,4,2,9,8,1,15,8,13,18,8,0,2,0,1,7,13,3,43,5,2,5,8,12,2,0,0,5,4,12,14,7,0,3,3,10,1,2,7,2,10,5,1
17,0,2,1,3,5,3,4,2,2,5,5,11,15,5,1,0,0,0,2,5,8,18,1,2,4,9,4,0,0,0,0,0,1,7,2,0,2,0,3,1,1,2,2,5,4,0
10,0,0,0,0,0,0,2,1,1,10,4,16,2,1,2,1,0,0,3,6,1,4,1,3,1,1,12,0,0,0,2,0,2,13,0,0,4,0,5,2,1,9,2,3,2,2
19,0,0,2,0,0,1,3,0,1,8,10,7,3,9,10,3,0,1,1,2,0,6,0,3,1,5,2,0,0,0,1,3,4,3,0,0,1,1,4,2,2,2,2,1,0,0
11,4,0,0,0,5,0,4,5,1,9,6,19,5,4,5,0,1,1,0,4,2,8,0,6,3,9,1,2,0,3,1,2,5,12,0,0,1,1,6,0,8,7,0,4,2,1
10,4,2,0,1,1,0,2,0,0,2,1,7,3,1,14,1,1,0,1,7,0,12,0,4,0,2,3,1,0,0,1,3,0,4,0,0,2,2,7,0,4,1,1,1,1,1
3,1,3,0,0,0,1,3,0,0,6,3,8,3,0,12,0,1,0,1,2,0,3,0,5,2,7,1,0,0,1,1,1,1,2,0,0,1,2,4,0,2,5,2,2,2,4
9,2,0,0,2,0,2,3,0,1,3,3,8,1,0,2,0,1,0,0,0,1,5,0,2,1,3,3,0,0,0,1,3,1,1,1,0,0,0,5,3,1,2,1,2,0,3
8,1,0,1,0,2,3,1,0,0,5,6,8,3,1,0,2,0,0,1,0,0,6,7,4,1,0,2,0,0,0,0,2,0,0,0,1,0,1,5,1,0,0,0,0,3,1
6,1,0,1,2,0,0,3,0,0,3,27,2,3,1,4,1,1,0,3,0,1,2,0,2,1,5,1,0,1,0,3,1,1,1,0,0,0,0,4,1,0,4,2,1,3,1
1,1,0,0,2,0,0,5,2,2,6,3,6,4,2,1,0,0,0,0,0,2,2,0,0,1,0,1,0,0,0,1,0,0,0,1,0,0,0,2,0,1,0,2,1,4,0
4,0,0,1,0,1,0,2,1,1,4,2,5,6,0,0,2,1,0,1,1,2,2,1,0,2,7,1,0,0,0,2,1,2,0,0,0,2,0,1,0,2,3,1,4,2,1
4,0,2,0,0,0,1,3,1,0,4,1,18,9,0,0,2,1,0,0,0,0,1,0,1,2,2,1,0,0,2,7,1,6,0,0,0,3,0,1,0,0,1,0,1,1,2
1,0,1,0,0,0,1,3,0,2,6,0,6,3,1,0,0,0,0,0,0,1,1,0,0,0,4,1,0,1,3,1,2,2,0,0,0,3,0,1,0,1,5,0,7,2,2
5,0,0,0,0,1,0,0,0,1,4,4,9,6,2,0,0,2,1,0,0,0,1,1,1,0,1,0,0,1,0,3,1,9,0,0,0,1,3,2,1,0,2,0,6,0,6
4,1,0,0,0,0,0,1,2,4,5,2,8,5,3,0,0,0,0,2,0,1,2,0,0,1,6,0,0,0,0,2,1,0,2,0,1,3,1,8,4,2,2,1,5,3,25
6,1,0,2,1,0,1,16,1,2,7,3,22,9,2,0,1,0,0,0,0,0,6,0,6,4,4,5,3,0,0,5,1,1,0,0,1,1,0,6,0,4,5,0,4,4,22
3,0,3,3,1,2,3,5,1,1,9,3,11,7,5,2,0,0,1,1,4,2,7,1,10,7,10,1,2,0,4,1,0,6,2,1,8,4,0,4,3,1,3,3,3,4,24
1,0,0,0,1,0,2,6,2,0,6,3,14,8,3,0,0,1,1,0,2,0,12,0,2,1,16,4,1,0,2,2,4,7,4,1,6,3,0,9,1,7,2,9,1,6,34
2,1,2,0,0,2,1,3,2,2,8,8,19,15,1,0,0,0,5,1,9,3,8,1,1,11,17,4,0,1,3,5,4,6,4,0,12,1,3,25,3,2,10,4,5,16,49
2,1,1,1,1,0,0,5,2,0,8,8,21,17,1,1,2,2,3,3,4,1,9,4,11,27,42,9,7,3,1,14,4,4,6,1,26,4,4,17,1,2,8,8,16,29,87
5,0,2,3,1,3,2,8,2,0,15,9,37,26,5,1,2,3,1,3,4,5,15,4,6,25,53,14,1,1,6,9,8,10,3,1,40,4,5,29,3,12,16,11,30,21,104
7,1,1,4,0,1,0,5,2,3,18,22,43,16,4,2,1,2,1,2,3,5,7,7,5,24,27,14,1,1,14,8,12,5,9,1,24,0,17,31,9,7,17,10,13,39,147
5,6,1,2,0,4,3,9,5,2,41,36,79,31,3,1,1,2,3,4,9,18,12,7,7,31,46,27,2,0,12,5,19,7,13,6,21,4,11,34,1,8,27,8,17,52,168
6,4,2,4,9,3,3,18,5,6,37,47,103,43,9,0,1,2,1,0,11,13,23,7,16,41,65,27,6,4,16,12,25,19,8,8,23,11,17,43,5,12,36,13,32,67,229
8,0,0,6,3,1,4,18,19,10,61,73,135,46,10,5,0,3,7,4,20,16,20,14,20,52,86,44,9,3,8,5,21,13,23,4,31,18,31,39,9,6,42,17,23,103,198
17,3,0,10,3,2,7,43,33,3,78,128,130,94,7,3,7,4,11,13,27,16,38,10,19,46,62,39,4,6,11,7,17,13,14,6,22,12,39,39,2,13,47,10,30,176,182
18,1,1,21,0,2,6,71,36,7,122,174,191,136,13,5,2,10,8,25,31,27,62,19,24,80,82,81,8,8,11,7,18,23,24,13,21,17,28,47,4,9,40,18,24,215,218
19,2,1,36,4,6,7,87,46,10,160,268,238,156,24,3,12,7,11,32,62,53,87,21,28,135,80,69,9,4,14,7,23,10,17,6,19,24,23,36,8,6,25,16,31,225,131
22,8,4,54,8,8,8,82,59,12,133,275,230,217,30,7,13,2,13,45,36,44,75,13,20,115,56,60,8,4,9,1,24,8,17,4,9,30,17,34,6,6,25,2,42,265,89
51,5,5,82,22,23,5,81,62,12,154,334,225,182,19,6,11,8,22,26,35,45,72,14,13,110,47,60,11,5,8,3,25,8,9,6,12,25,11,34,4,8,32,14,40,183,77
63,8,15,172,22,23,20,83,38,12,147,302,261,206,29,13,17,1,19,39,35,46,64,15,17,121,55,66,12,9,8,2,28,12,12,8,8,19,8,32,7,6,24,5,39,165,60
44,14,7,117,19,21,20,67,59,6,89,174,184,108,21,7,19,3,44,28,23,54,53,8,12,72,57,29,4,4,2,4,16,2,4,5,6,19,7,17,9,5,16,2,42,131,84
62,12,10,98,23,22,27,58,28,5,74,162,127,82,20,2,24,5,21,29,28,28,44,11,14,58,48,24,12,3,6,1,15,10,9,7,5,9,5,26,3,11,27,9,48,112,74
97,27,14,128,20,28,19,70,40,13,92,129,242,139,28,3,17,3,25,36,27,43,52,7,12,54,52,39,3,4,9,10,21,15,17,6,4,10,10,56,5,9,34,5,39,119,102
99,31,21,201,11,41,25,72,59,17,114,208,253,126,30,5,31,4,13,47,39,41,48,9,15,72,49,39,10,9,6,10,11,8,11,8,4,14,11,68,3,12,31,9,44,113,102
95,35,12,180,27,37,40,65,41,25,156,211,259,159,19,15,44,4,3,36,28,42,39,9,19,105,60,28,9,0,4,17,9,13,18,12,3,10,2,80,11,16,41,7,81,93,78
82,37,18,182,14,22,55,129,38,31,158,208,333,186,17,6,39,3,7,40,42,54,57,12,10,73,64,39,14,1,1,25,17,28,19,12,1,29,4,88,14,16,56,19,72,66,60
66,12,17,182,13,11,25,120,40,19,135,254,328,167,17,6,13,5,10,39,50,69,88,10,23,72,87,51,3,3,3,27,16,29,8,9,3,28,3,124,7,15,46,14,67,91,46
66,19,21,171,14,20,32,144,61,37,239,363,461,313,27,4,33,11,26,48,58,79,140,24,10,43,122,44,20,3,8,29,28,29,8,22,3,61,7,166,16,24,88,19,99,100,50
57,20,22,170,11,16,55,132,57,71,317,392,498,370,39,1,51,7,28,45,66,125,180,17,34,70,233,68,18,6,2,51,44,47,22,23,8,93,10,273,24,42,116,45,161,171,42
40,13,7,107,10,15,28,95,44,56,253,320,423,296,25,3,35,2,26,51,36,88,172,13,32,57,152,56,25,4,5,33,24,54,9,14,15,66,12,265,11,32,104,26,128,134,31
60,12,9,97,1,14,35,64,41,52,189,338,371,302,17,8,30,3,20,36,30,70,146,15,23,44,131,46,23,7,11,35,30,51,10,12,17,117,11,247,28,32,111,30,133,141,17
73,19,4,90,3,13,45,82,30,51,181,286,338,258,13,12,20,6,23,32,27,81,147,12,39,46,109,64,17,4,12,30,50,75,8,17,11,78,19,258,26,69,149,52,167,188,18
50,23,9,65,6,9,34,60,32,50,125,196,265,203,14,2,22,2,30,22,49,87,107,12,33,37,118,57,40,6,9,25,33,60,13,22,18,66,9,225,39,80,115,50,160,186,12
70,22,2,34,0,9,26,51,30,36,98,189,176,142,15,5,14,9,34,23,23,74,112,18,23,19,75,47,23,7,2,17,41,35,8,17,15,50,2,227,38,40,136,43,117,115,10
56,13,7,37,2,8,22,57,27,30,99,146,197,114,8,5,15,8,19,29,24,65,91,17,25,34,108,45,22,3,4,21,59,36,7,16,18,52,4,239,36,68,124,35,101,137,10
59,19,6,34,5,6,12,45,23,26,112,134,154,110,7,5,5,3,35,15,14,60,107,26,29,29,94,61,10,8,3,23,51,46,3,20,6,57,2,227,26,67,114,26,116,170,2
60,16,8,12,6,4,13,33,16,38,78,110,149,98,12,5,7,4,18,21,9,65,104,19,35,35,70,42,14,9,3,24,66,30,11,10,5,55,5,181,33,35,78,26,122,119,5
32,9,9,8,2,4,9,36,12,35,71,96,117,72,5,0,5,4,19,23,16,65,74,23,26,13,53,48,7,5,3,24,66,39,10,16,17,36,2,133,28,35,75,23,99,128,5
49,8,4,7,6,7,8,17,11,32,49,70,99,69,5,2,3,1,15,16,7,48,74,27,12,29,56,40,15,11,3,23,35,28,3,7,14,28,0,108,16,27,84,22,89,84,3
30,7,0,1,11,1,3,8,8,40,31,55,73,58,7,0,3,3,13,23,22,30,66,22,19,19,74,24,20,6,5,12,54,38,8,4,14,30,7,101,15,24,63,21,59,87,3
19,8,2,4,7,4,2,7,4,15,13,27,37,48,1,0,4,0,6,19,6,16,34,15,10,5,53,14,14,5,5,4,20,17,3,3,10,27,2,71,14,16,47,12,36,52,1
10,6,2,2,14,0,3,3,2,20,14,16,23,20,1,6,3,1,5,18,5,15,27,5,3,6,33,8,4,4,2,14,23,21,6,8,11,13,1,44,9,15,18,2,19,28,2
5,9,2,4,11,1,2,7,2,7,11,13,22,14,1,1,1,1,3,8,1,6,28,7,4,4,27,17,3,1,1,7,18,14,6,12,1,8,3,44,14,18,27,2,24,25,0
3,11,0,0,16,10,3,6,2,26,9,20,18,20,1,15,2,1,4,12,9,4,31,13,8,17,41,18,6,2,2,2,18,16,16,8,6,9,4,71,22,23,62,2,32,60,0
8,4,0,1,8,3,0,7,2,23,13,18,14,11,3,6,1,3,6,6,8,10,25,9,13,12,46,13,8,0,6,3,16,13,13,6,5,10,2,65,12,8,42,1,29,30,0
7,5,3,0,9,2,2,8,0,25,10,19,10,6,2,9,3,3,9,10,4,6,19,12,8,5,40,11,7,2,0,9,25,23,9,4,4,2,1,42,19,8,39,0,32,32,3
2,10,0,0,11,0,1,9,1,23,14,4,21,1,2,4,0,0,3,6,5,11,9,17,11,4,35,20,5,0,0,4,16,15,6,4,6,4,1,41,11,11,25,2,27,25,5
6,7,2,1,6,1,0,11,1,21,9,6,19,4,1,4,2,0,2,0,6,10,14,9,1,15,43,20,4,3,0,5,20,30,14,6,10,5,2,48,5,10,13,3,35,23,2
5,7,1,2,20,1,1,6,0,11,7,1,19,9,4,7,3,1,3,0,3,4,15,7,6,13,30,14,5,2,0,2,19,27,6,3,8,5,0,28,3,12,23,0,32,20,2
2,4,5,1,7,1,0,5,1,7,10,0,17,12,4,1,2,3,3,0,6,3,23,5,1,10,49,8,3,1,0,1,17,19,4,1,6,6,0,23,2,4,17,1,26,9,3
3,11,0,0,37,2,0,1,0,10,9,1,9,4,2,1,0,1,2,3,8,10,25,5,3,7,56,18,13,0,0,0,20,16,5,1,11,1,1,32,0,12,13,1,25,23,1
6,6,0,0,35,1,0,1,0,8,8,7,10,7,5,1,0,0,2,3,2,5,21,7,3,6,45,18,4,1,0,3,14,10,3,0,6,2,0,41,0,10,8,1,37,9,2
4,5,0,3,26,0,1,2,0,6,5,1,9,6,2,1,0,2,4,2,0,5,23,3,4,7,35,8,5,0,1,1,13,17,5,2,6,5,0,27,1,13,6,0,53,15,2
12,8,0,1,23,1,0,2,0,2,7,4,24,4,2,2,3,2,0,0,1,12,30,5,4,21,37,4,3,0,1,1,13,27,15,0,3,8,1,31,2,7,16,0,39,12,6
2,5,0,2,19,0,2,3,0,4,5,0,20,21,3,4,0,1,1,3,4,3,33,0,2,25,69,8,0,0,0,3,14,28,3,0,4,8,0,29,2,8,12,3,27,17,2
2,9,0,0,30,0,0,2,1,6,13,5,32,6,1,23,1,0,1,2,0,14,40,3,2,47,128,15,1,0,0,2,7,87,3,1,6,28,0,69,22,17,41,0,82,63,2
2,11,1,0,31,0,0,6,2,7,9,9,33,18,2,33,0,0,0,0,2,8,67,5,7,98,192,39,5,0,0,3,15,126,10,0,4,42,0,102,53,29,65,2,91,108,1
7,1,2,1,29,1,2,2,4,7,5,8,42,20,0,15,3,0,0,0,7,5,82,3,5,93,252,40,12,0,0,8,21,126,11,1,6,53,0,109,65,18,79,0,122,95,4
4,7,0,5,40,0,2,4,3,11,10,12,48,23,8,16,3,0,1,0,4,3,54,13,23,105,219,51,23,1,0,10,26,133,31,2,17,30,1,104,74,24,66,8,102,63,4
2,8,0,8,30,1,2,8,3,11,14,20,61,39,12,28,5,3,0,6,1,9,67,21,25,112,260,75,16,1,2,5,15,124,25,6,26,58,3,168,71,32,75,12,108,61,4
12,5,0,7,62,11,0,3,1,8,20,31,96,69,22,42,18,3,3,1,11,20,91,26,43,182,414,140,38,7,6,9,37,174,43,12,40,79,25,329,145,61,122,31,112,90,10
14,8,1,11,44,7,3,6,3,18,67,66,143,89,22,46,15,6,4,1,17,31,129,31,69,190,454,159,26,26,9,11,44,177,64,7,71,77,32,345,94,51,124,41,125,89,10
38,6,4,20,41,14,1,16,14,10,79,65,220,131,25,25,15,8,6,8,17,43,191,52,82,289,600,253,38,32,22,8,94,259,81,12,126,88,78,396,145,71,160,82,186,78,17
49,9,12,29,62,11,4,12,11,20,81,79,267,131,44,27,35,11,11,5,18,53,247,85,112,286,741,345,59,53,51,15,81,289,89,22,201,99,120,371,102,107,152,95,190,107,26
82,4,8,17,65,8,4,10,13,32,123,87,362,234,86,33,54,15,21,11,39,79,331,131,187,321,888,457,83,95,86,39,66,333,109,25,240,114,232,483,92,148,196,75,218,141,43
117,14,7,36,66,25,3,21,24,44,139,115,449,342,80,47,49,55,25,13,58,87,339,174,221,294,965,566,68,137,169,45,126,302,161,22,200,130,351,499,133,136,182,161,221,160,35
209,35,1,67,80,44,6,23,20,80,185,220,620,529,125,65,143,82,47,24,70,147,523,281,292,364,1310,926,130,197,274,52,247,358,289,69,245,186,454,609,163,252,322,222,302,211,59
410,71,13,129,81,99,7,42,48,101,478,367,1090,908,238,163,186,158,148,41,117,330,918,515,437,491,2190,1601,208,287,282,76,413,550,407,79,293,352,573,903,225,345,462,443,491,308,77
939,128,27,218,83,124,29,124,92,253,856,528,1761,1519,575,289,356,347,223,128,228,577,1327,759,513,510,2874,2253,293,342,263,140,580,748,621,167,316,470,494,1138,289,406,562,582,504,365,48
1638,189,71,266,108,194,53,164,165,289,1107,693,2290,1928,749,292,429,476,270,239,378,796,1726,758,419,411,2390,2143,252,356,157,157,579,651,613,201,196,443,253,1171,219,342,536,614,498,305,55
1965,272,141,358,125,360,133,304,236,429,1539,901,2835,2303,1175,334,542,561,280,468,544,1123,2185,616,271,354,1861,1755,370,260,132,231,519,550,538,178,262,414,157,1113,161,302,454,638,417,297,46
1752,281,180,521,106,333,217,533,387,553,1880,1024,3066,2554,1209,383,527,513,229,754,624,1232,2252,445,202,259,1366,1190,368,173,81,172,401,405,394,163,178,351,85,831,146,222,355,480,303,233,59
1206,238,159,476,94,314,315,484,370,447,1527,789,2620,2014,831,300,282,352,191,637,397,872,1436,269,111,132,739,566,159,89,46,142,297,259,189,118,121,215,36,293,109,92,188,339,179,183,81
948,309,228,495,93,271,423,653,366,253,1364,723,1804,1544,610,149,166,165,115,578,321,796,919,189,92,69,493,357,159,65,39,79,217,158,105,91,87,180,35,313,54,65,164,213,126,177,123
833,302,325,878,90,287,652,700,454,332,1777,1023,2301,1805,493,126,128,86,127,663,248,535,895,154,73,121,438,259,72,45,46,83,129,178,122,105,80,136,34,322,40,82,149,138,116,224,133
772,339,416,822,105,319,701,820,445,324,1683,931,2162,1629,442,104,100,81,108,868,247,468,738,139,68,87,369,234,76,42,52,64,111,144,97,61,64,154,17,324,54,49,185,107,93,197,168
533,229,329,610,74,195,564,595,396,191,1362,759,1560,1300,266,72,95,74,70,513,171,360,562,111,50,115,272,158,57,26,24,53,98,128,61,42,27,130,20,226,45,42,113,89,57,206,136
344,173,255,503,45,181,388,638,344,169,1288,811,1679,1382,225,47,85,77,53,385,132,298,467,56,56,83,232,143,48,20,32,52,97,110,53,58,33,167,36,241,37,25,136,105,58,231,120
332,107,174,365,36,129,288,482,205,96,839,586,1075,906,120,18,66,29,33,188,104,248,345,49,43,55,176,87,22,14,28,27,77,100,38,41,31,126,20,179,39,30,111,66,31,169,91
248,87,113,290,27,95,232,378,162,75,734,474,1026,851,104,25,62,51,30,210,77,139,243,48,33,67,151,114,28,11,12,35,67,102,46,42,25,134,13,195,58,24,128,48,40,192,101
180,103,113,256,38,76,187,336,145,71,649,437,849,761,88,40,63,56,25,152,72,156,212,38,25,62,135,78,48,10,17,34,88,76,43,32,25,122,17,215,71,23,124,46,40,166,76
155,89,115,150,34,74,153,249,175,69,484,321,656,636,62,33,58,66,41,118,80,149,222,53,43,86,228,74,60,14,17,31,83,89,49,32,22,115,18,194,84,27,87,35,41,158,60
148,96,79,155,53,80,137,249,136,68,412,343,623,631,91,18,42,84,46,109,61,112,191,46,26,126,137,89,82,15,24,34,77,102,45,22,15,86,30,203,92,41,81,37,24,168,64
144,110,111,167,18,98,142,279,150,82,497,355,697,781,85,36,43,79,48,127,114,148,247,39,30,120,146,125,93,15,30,39,70,111,62,43,22,154,29,281,103,51,110,37,49,147,58
103,121,91,166,27,74,108,278,153,86,368,279,474,550,82,39,47,74,35,101,66,84,180,42,28,73,140,77,71,12,27,44,62,81,39,22,18,96,27,196,101,44,104,25,35,134,42
92,119,74,159,23,75,127,191,111,73,290,219,368,399,95,47,40,66,32,88,53,74,189,37,24,64,107,76,47,12,17,29,74,89,58,32,20,90,21,223,104,48,71,27,37,90,38
80,106,72,140,23,65,95,177,94,77,229,188,301,352,70,63,34,48,37,94,42,56,155,23,28,60,123,63,60,9,17,16,51,82,41,24,21,75,20,241,113,75,60,53,30,92,62
90,96,54,110,14,75,104,173,120,71,198,204,301,286,77,54,49,45,34,99,53,59,161,29,23,49,125,77,42,15,16,11,64,70,32,30,20,55,30,226,86,60,85,37,49,71,56
61,62,52,81,12,57,54,99,67,54,184,158,209,196,80,56,26,40,37,65,48,32,144,18,29,42,83,63,39,8,19,21,30,61,12,26,25,40,16,167,88,50,75,23,37,68,63
62,55,43,75,13,28,56,94,52,58,182,156,180,179,70,76,23,21,33,73,60,37,124,14,22,43,126,48,41,13,23,27,19,37,25,39,23,25,23,208,109,86,72,18,40,71,72
37,83,27,52,12,49,49,75,59,48,123,160,153,136,66,51,16,28,24,49,44,36,137,22,12,28,97,42,29,10,26,23,24,45,19,33,23,14,13,170,90,85,55,17,27,75,52
26,57,31,65,9,42,38,59,41,50,99,84,93,97,53,55,17,28,21,45,24,33,85,17,14,32,97,49,22,3,11,16,11,33,21,40,17,10,9,128,69,43,39,14,15,50,29
13,49,27,51,13,22,49,27,21,34,52,44,54,35,27,22,11,17,22,20,20,16,57,6,12,21,54,25,5,3,10,19,18,19,18,27,25,7,6,95,49,70,33,13,16,31,27
2,24,13,24,9,8,14,15,8,11,9,17,10,21,15,11,4,7,9,8,6,1,23,1,4,9,14,10,2,1,4,9,7,6,6,9,13,5,7,45,16,34,21,6,7,23,13
5,18,11,23,7,24,9,7,4,14,11,13,26,21,15,16,3,13,6,5,5,5,24,6,5,7,13,12,1,2,1,3,7,3,5,5,7,5,14,25,12,30,9,3,17,25,18
10,40,22,13,0,35,15,5,10,6,9,17,22,28,11,16,8,7,1,12,11,3,20,5,7,12,16,12,4,0,9,2,12,16,6,5,12,2,21,49,27,65,26,7,17,53,35
14,26,25,15,0,28,23,5,4,3,12,11,23,15,16,14,3,15,4,16,13,7,14,3,7,17,12,8,5,2,2,9,5,11,8,3,1,4,15,59,25,83,17,22,31,52,17
15,20,13,3,3,15,14,5,6,4,7,4,20,20,8,7,7,5,5,7,12,4,18,4,3,5,6,10,3,0,3,14,8,16,6,2,0,4,7,74,26,46,13,8,18,34,32
14,24,17,9,2,12,9,4,2,8,5,8,13,15,5,6,1,2,4,3,5,7,5,1,1,7,11,5,4,0,1,8,11,10,5,2,0,3,11,44,10,41,15,15,30,30,23
3,17,8,11,1,21,11,4,0,3,2,5,4,6,8,6,3,1,4,1,1,2,6,1,2,6,11,3,1,0,1,8,5,9,4,0,0,2,8,47,8,50,5,15,16,20,12
3,19,7,9,1,11,10,4,1,4,2,1,8,20,3,7,5,2,12,2,3,4,8,5,3,1,2,1,4,0,3,2,3,6,2,0,1,3,8,31,5,32,6,10,28,27,12
5,12,4,10,0,13,6,0,0,10,4,1,6,14,3,6,5,3,6,6,3,7,13,2,1,4,6,7,4,1,0,6,7,7,6,1,1,1,6,36,7,34,6,2,37,31,30
11,17,6,8,1,18,7,0,1,9,9,2,12,10,9,9,6,0,6,2,2,4,9,2,4,1,12,4,1,1,0,2,4,3,2,0,1,0,8,74,6,17,6,3,37,50,25
18,14,3,21,1,8,12,1,1,13,16,4,6,7,17,6,1,8,10,4,0,2,9,0,5,4,10,1,5,0,2,3,2,5,4,1,0,2,13,76,5,24,14,13,51,35,17
23,13,2,16,3,10,9,0,3,10,2,2,17,4,16,4,0,8,4,2,3,0,5,1,5,8,3,6,3,1,0,2,2,6,2,2,0,0,4,73,6,24,18,8,54,26,7
15,8,2,5,3,1,4,1,3,16,18,2,9,6,12,1,1,11,4,3,3,0,8,0,2,3,11,1,0,0,1,2,6,4,6,2,2,5,7,64,12,62,32,3,63,47,9
17,5,7,8,1,8,13,5,7,8,6,9,14,9,5,0,2,7,1,1,0,2,5,7,4,7,9,4,1,2,0,1,4,3,11,0,0,1,3,69,22,65,31,21,81,34,13
19,2,5,1,0,12,12,3,2,16,9,5,15,15,5,0,0,2,1,3,0,3,1,6,6,7,9,6,1,0,0,2,1,3,6,4,0,1,8,121,24,70,39,29,138,108,14
15,9,1,2,1,7,6,9,2,9,6,7,22,19,8,3,0,0,2,3,1,7,6,4,4,12,8,3,2,0,1,1,2,12,20,2,0,1,7,124,17,33,83,31,145,112,14
11,14,4,3,0,7,6,6,5,12,19,4,29,21,7,0,3,5,1,3,0,9,12,5,4,12,18,6,6,0,0,1,5,8,10,2,1,1,15,132,31,41,110,32,187,130,18
8,2,1,4,0,7,10,2,1,7,18,1,14,15,10,2,2,2,2,3,0,3,7,1,7,4,15,2,2,2,3,2,15,13,11,8,3,2,6,127,31,37,78,55,188,137,24
20,18,2,5,0,5,15,6,1,23,21,7,27,27,12,0,1,15,0,6,1,13,24,5,14,3,18,7,7,2,5,3,19,19,26,3,3,2,7,234,44,76,99,95,174,208,26
21,17,5,12,0,9,12,5,5,75,36,20,52,46,2,0,1,13,3,6,1,30,28,14,17,16,26,29,12,0,2,24,19,52,64,9,5,3,20,430,63,93,198,249,302,323,36
28,22,10,18,0,14,10,1,7,59,46,18,42,25,6,4,5,5,1,14,4,17,16,6,18,24,38,17,13,4,3,15,12,70,71,13,7,0,13,511,58,102,207,283,281,310,38
47,20,17,30,1,10,13,6,7,80,51,24,65,43,3,9,4,4,7,7,1,21,23,5,29,22,55,27,7,0,2,16,19,75,100,25,15,1,20,565,59,115,253,295,351,406,65
54,23,22,29,0,21,2,21,18,91,55,27,90,37,11,5,21,16,2,12,13,29,35,10,28,44,44,40,11,3,2,32,17,108,105,30,23,9,26,633,62,149,274,416,363,370,84
52,24,12,33,4,24,2,13,9,105,54,36,90,60,18,3,9,3,12,14,7,37,41,20,25,45,67,41,20,3,3,23,14,115,161,33,15,17,22,776,55,155,270,540,360,377,78
64,40,11,52,1,31,4,18,18,149,81,88,117,87,21,4,9,10,11,12,8,44,67,15,47,38,95,44,17,10,3,19,14,109,174,50,19,28,22,718,64,124,278,475,295,279,42
127,43,17,65,1,44,9,16,11,192,143,115,192,121,33,6,12,23,20,20,8,87,91,31,58,104,155,87,31,16,3,10,22,170,256,61,16,63,35,806,86,144,267,518,386,299,33
156,30,22,82,3,84,11,38,10,176,184,135,240,146,55,1,8,15,27,20,10,112,137,31,70,124,201,107,28,11,5,16,17,176,261,87,18,69,46,765,79,123,317,368,338,337,40
266,61,55,98,3,116,24,27,32,264,252,145,333,195,59,5,21,26,32,25,9,145,217,55,116,139,280,132,52,13,8,26,40,149,317,194,17,158,61,763,98,111,337,373,341,284,77
401,77,52,88,5,127,25,25,20,290,255,163,297,202,55,8,22,21,44,47,23,141,217,48,88,149,217,150,60,12,7,35,38,139,224,152,24,171,58,597,49,85,222,279,244,167,78
527,121,40,124,4,95,27,25,16,264,264,165,308,216,52,1,19,25,36,48,27,94,197,39,49,142,262,204,60,21,3,26,23,112,189,110,24,265,38,545,45,63,183,180,162,117,121
724,130,46,122,17,76,21,18,7,192,239,175,298,235,44,6,9,30,34,38,22,95,165,40,67,138,286,164,35,19,11,24,22,114,109,88,18,272,44,370,36,49,206,148,145,112,129
580,90,56,85,13,57,12,35,5,154,203,133,263,177,34,3,15,40,35,33,29,65,96,28,54,84,181,101,37,11,8,26,16,83,89,40,12,309,44,189,33,23,160,66,89,78,122
464,125,34,54,15,57,15,14,7,57,166,91,160,154,24,5,5,18,13,15,12,50,75,35,38,42,133,106,34,20,8,12,11,87,34,27,16,182,47,144,15,31,122,73,62,54,116
550,91,52,81,14,30,24,44,14,58,122,96,201,164,18,13,14,21,16,22,14,39,54,21,43,51,146,100,25,23,4,25,22,82,33,21,12,154,44,137,17,30,73,62,53,56,119
640,137,84,121,22,24,38,48,8,76,137,126,229,204,34,10,30,23,19,34,23,57,53,37,44,71,166,136,32,16,11,26,22,113,33,21,17,172,66,124,18,42,59,70,46,51,91
508,104,100,133,29,50,25,43,25,45,177,170,298,143,43,17,20,15,30,29,23,48,82,24,36,71,144,104,46,23,16,28,35,100,39,20,32,143,61,137,22,28,66,61,41,40,106
428,95,98,137,27,42,45,54,34,40,153,154,348,179,38,39,14,5,28,27,30,44,83,23,31,74,134,110,43,17,21,33,27,103,24,21,64,169,37,119,19,30,69,58,47,45,127
297,68,74,81,13,23,27,43,30,15,158,120,321,173,31,21,25,17,9,18,25,45,98,26,26,61,158,136,31,29,26,56,41,92,33,31,56,144,45,103,17,22,51,58,36,39,111
178,47,57,79,8,10,18,29,28,27,138,144,308,199,28,14,26,20,11,10,9,29,73,14,23,45,142,116,33,26,29,47,29,74,29,30,49,117,22,129,18,19,42,41,22,20,103
164,58,68,105,18,17,27,50,24,23,210,190,483,269,42,23,15,15,7,17,22,31,126,23,33,44,180,143,64,38,51,81,38,80,28,10,54,102,31,144,5,12,43,61,31,14,90
157,58,108,73,22,19,19,39,32,20,219,165,362,197,36,10,17,15,5,12,23,38,72,9,27,28,157,121,32,18,39,63,27,73,44,9,27,85,23,130,8,21,34,34,44,14,92
148,55,88,70,16,16,24,50,57,31,248,182,373,181,43,21,18,16,8,11,28,30,79,11,28,64,226,129,42,23,22,72,25,69,44,12,40,86,37,137,20,38,40,36,30,13,94
130,51,101,61,40,12,25,64,55,33,298,194,352,159,45,22,11,18,8,10,22,19,72,28,41,28,169,108,45,27,48,84,22,49,50,15,33,80,16,113,14,28,34,30,38,10,104
113,37,78,45,12,13,64,40,49,17,210,142,342,165,45,12,9,11,12,11,18,15,69,16,46,33,118,78,35,32,26,64,21,55,20,9,23,72,13,72,5,21,43,13,30,5,64
107,39,73,57,11,13,32,38,37,16,193,133,301,158,53,15,5,27,5,11,12,20,67,24,37,27,99,111,58,25,37,49,35,38,44,4,21,51,17,82,22,25,32,9,30,7,82
75,29,62,41,10,10,73,57,51,20,233,153,374,199,32,33,8,14,3,8,22,21,67,26,42,39,124,101,60,18,27,34,39,48,26,3,10,33,15,84,17,23,39,6,27,6,52
60,31,49,33,8,10,53,30,32,25,177,120,303,156,16,40,8,15,3,4,17,25,43,25,56,32,100,74,43,23,25,45,34,32,19,7,6,23,22,81,18,35,30,5,22,6,38
40,16,71,33,6,14,50,40,35,22,185,85,295,167,20,28,7,14,1,4,22,27,61,20,21,26,102,77,34,15,25,33,33,36,24,8,8,22,20,97,15,47,32,1,17,5,26
51,13,74,60,4,24,31,44,23,32,187,98,214,137,13,39,24,18,4,10,14,32,46,17,38,21,146,78,24,17,16,38,37,11,20,10,3,17,20,89,17,43,33,10,19,9,18
32,8,66,32,8,3,48,32,42,23,174,101,209,148,13,42,17,27,7,10,13,42,33,35,24,38,176,70,28,17,25,27,24,12,19,6,6,27,10,94,33,34,47,1,21,5,27
28,19,64,50,2,6,36,7,31,29,102,63,181,110,14,39,10,14,11,6,14,27,44,14,21,31,120,45,16,21,27,29,19,16,14,2,8,10,11,85,25,38,41,10,13,7,31
21,7,46,26,3,5,30,15,31,10,61,20,81,56,7,10,6,3,8,14,7,19,26,10,8,20,81,33,10,19,17,19,5,7,14,3,0,8,4,106,18,25,26,5,13,8,16
7,2,21,5,0,1,12,6,3,9,17,12,21,20,2,8,1,5,2,1,1,7,5,0,1,9,19,8,4,8,3,12,2,1,4,1,1,5,4,36,6,6,11,3,5,3,12
5,2,18,9,0,1,3,4,3,12,24,20,32,19,3,14,17,1,6,8,1,7,10,4,4,13,31,19,4,5,6,10,5,10,3,1,0,3,4,32,14,14,7,4,5,10,14
4,3,26,17,9,1,5,4,3,10,24,5,30,47,10,10,1,6,2,2,2,10,3,3,0,7,22,22,7,6,13,13,5,7,11,16,0,3,1,66,14,23,12,7,10,10,27
3,14,15,2,3,3,7,9,2,5,28,10,28,36,7,11,2,1,5,3,1,1,9,4,0,4,22,18,6,1,10,18,8,6,10,3,0,3,2,34,23,15,6,2,7,8,6
2,6,14,16,2,4,11,6,2,6,28,12,24,21,19,5,1,1,3,5,10,1,6,3,2,7,24,21,7,1,13,9,5,1,3,7,1,2,0,23,17,9,14,1,4,10,8
4,6,20,2,1,16,12,12,2,5,12,10,29,25,7,7,4,0,2,7,3,3,9,4,1,9,31,37,7,0,8,9,2,8,1,9,1,0,1,14,28,8,10,2,2,8,11
7,3,10,3,1,7,9,4,4,3,15,10,20,13,5,8,1,0,2,0,2,2,2,2,0,4,40,16,0,0,6,13,3,5,14,8,2,0,0,23,6,10,12,11,3,3,9
6,6,5,6,0,11,19,1,6,4,16,5,19,14,5,0,2,0,3,0,5,6,7,6,1,6,32,18,12,2,12,10,6,14,7,9,0,0,0,31,4,6,18,9,5,13,15
2,18,7,2,0,9,14,6,10,5,13,7,17,25,2,3,0,0,1,1,3,8,14,5,0,8,36,16,14,1,12,6,3,10,6,5,0,1,0,30,15,8,36,8,9,10,11
3,21,5,0,0,2,9,3,6,7,15,3,12,26,14,6,1,0,1,0,2,12,8,2,3,2,66,19,9,1,20,6,1,7,8,8,2,1,1,15,11,26,34,8,9,6,11
14,2,4,2,1,6,18,5,4,4,18,5,30,23,10,13,1,1,4,2,0,30,4,5,1,11,55,25,10,5,19,3,4,14,17,11,1,1,0,25,8,18,43,8,13,5,8
7,0,15,4,0,10,15,9,5,4,21,4,22,18,6,6,0,0,2,3,2,10,18,2,6,7,49,29,3,0,28,7,1,5,8,3,1,1,1,30,14,12,45,4,16,13,9
7,2,15,3,0,14,12,4,6,9,19,5,16,11,7,6,0,0,3,4,4,4,6,1,3,21,81,29,9,1,46,9,10,9,10,4,0,2,0,37,10,21,42,7,67,18,15
10,7,8,5,0,9,13,5,9,8,14,2,15,15,7,3,1,0,4,7,1,3,4,5,2,4,85,25,6,1,26,12,3,3,3,3,0,0,0,27,19,17,37,14,64,14,18
9,18,4,4,0,5,16,4,25,1,13,15,12,11,6,3,0,0,5,4,2,1,5,0,3,10,161,44,7,0,34,31,10,15,6,5,1,0,4,47,24,26,53,23,126,74,32
13,30,5,1,0,6,32,10,26,6,18,4,16,16,5,4,0,1,6,10,2,3,8,4,7,20,245,49,11,0,64,21,2,16,5,2,3,1,0,92,27,20,56,49,131,135,43
16,37,0,4,0,4,44,6,19,5,20,8,14,6,5,3,0,0,5,13,0,4,9,7,7,18,365,54,17,0,51,23,27,16,18,5,0,1,3,157,13,32,86,94,249,210,71
3,16,0,1,0,1,24,6,10,1,5,8,12,2,2,1,1,1,1,2,1,4,2,1,3,3,166,17,2,2,23,16,13,7,8,7,2,1,4,120,7,15,50,39,152,191,48
9,5,1,8,0,4,13,8,18,5,21,24,34,28,7,4,4,1,2,21,4,7,23,11,11,18,207,53,15,5,17,11,29,20,17,7,5,4,2,103,21,16,51,47,140,211,32
13,24,3,9,0,10,13,15,23,7,30,33,83,62,3,1,6,17,2,15,6,14,24,19,16,49,502,110,26,31,27,40,77,47,15,18,5,6,11,298,59,63,144,81,337,569,85
29,52,3,6,0,15,32,27,25,22,62,52,109,93,4,4,20,20,3,20,9,31,43,71,12,80,772,210,67,38,54,68,178,79,29,21,16,8,10,672,93,88,187,139,473,730,92
38,80,4,8,1,24,49,65,26,14,81,137,173,127,10,5,15,23,10,20,11,44,68,88,30,158,930,338,108,52,63,63,201,104,83,31,16,6,28,930,172,122,265,204,407,716,53
26,121,4,7,4,26,61,105,34,16,112,236,252,177,22,4,45,33,14,29,22,57,168,185,47,210,1411,485,116,103,75,89,332,182,153,47,36,33,63,1408,259,232,320,273,381,757,51
39,81,37,3,0,40,110,153,60,16,188,436,428,371,70,9,71,116,27,29,39,80,292,329,99,485,1979,867,195,135,129,96,497,320,209,65,83,42,138,1879,389,264,463,326,266,689,68
87,122,31,23,1,44,239,253,71,28,385,693,708,617,186,52,154,351,30,40,80,158,571,450,237,744,1803,1269,268,194,225,175,466,392,409,81,166,93,302,2080,303,417,481,262,181,444,51
169,166,46,79,6,78,417,416,131,69,888,1045,1325,1207,350,119,393,501,42,56,150,283,949,599,333,816,1780,1616,310,304,271,190,504,481,519,88,311,198,353,1931,231,372,472,227,119,296,52
259,161,73,153,15,188,783,931,280,261,1798,1906,2528,2403,633,385,776,716,98,162,428,685,1776,750,525,863,1729,1959,317,309,308,228,521,562,716,117,479,401,482,1572,284,393,521,230,84,270,47
437,238,110,426,36,314,1120,1029,575,526,2958,2556,3859,3390,974,626,827,607,196,288,645,1327,2921,599,563,794,1697,2307,371,329,340,266,457,777,778,176,596,732,338,1257,210,355,460,196,63,201,66
643,244,147,939,58,592,1053,1027,845,937,3748,2326,3982,3303,970,582,464,331,313,412,702,1325,2909,433,423,513,1184,1593,285,200,200,201,437,607,601,168,487,712,191,804,104,215,318,234,72,108,93
1166,335,443,1816,171,849,988,980,1053,1426,4138,2221,4833,3772,1283,460,274,235,463,853,725,1653,3032,414,376,349,892,1378,211,147,179,250,456,579,572,256,586,744,163,708,95,171,273,191,85,119,126
1912,413,636,2000,299,996,707,753,849,955,2847,1433,3209,2523,1069,239,130,230,452,1136,494,1292,1927,280,206,205,679,1132,159,104,163,214,382,360,497,248,476,369,71,430,50,86,210,181,70,96,160
1724,430,625,1291,418,641,468,385,429,512,1512,730,1740,1306,716,119,54,203,285,1159,253,773,773,157,146,103,407,658,104,54,114,150,248,167,285,151,339,196,25,229,46,60,106,129,36,81,156
1098,246,287,386,297,216,197,207,130,117,574,230,593,591,237,37,40,100,133,404,84,382,320,58,65,63,192,323,86,28,30,65,191,80,135,84,156,72,30,159,19,36,65,70,27,43,164
1188,135,246,502,172,156,172,154,139,150,543,304,701,687,180,32,26,51,118,335,71,254,323,60,46,59,217,318,39,33,34,49,147,72,100,69,85,81,18,180,11,26,40,65,26,58,140
1441,165,324,409,176,300,206,140,115,150,542,285,649,623,222,20,66,147,114,441,109,308,216,81,54,101,285,350,32,42,46,65,182,76,146,70,81,80,32,229,32,64,78,79,44,63,150
1350,140,191,384,120,327,224,162,111,211,526,339,682,694,335,44,93,140,112,449,89,275,249,123,46,132,308,326,34,33,51,44,192,104,168,42,100,63,38,283,10,60,112,72,39,73,100
1045,90,161,305,76,250,206,161,90,192,498,284,681,598,358,64,63,111,88,400,66,244,299,119,46,100,260,299,52,60,42,34,157,93,190,43,94,46,46,337,19,89,115,68,38,92,89
692,74,88,229,24,125,100,133,89,150,444,293,655,529,229,73,52,92,58,222,90,223,275,90,27,75,239,214,35,63,24,27,114,73,111,21,62,45,41,296,8,84,68,55,19,81,40
479,49,50,155,23,67,62,147,49,120,365,299,682,610,194,58,53,49,45,196,63,193,241,67,20,78,166,143,25,49,18,20,69,61,69,24,29,45,31,251,15,102,48,40,26,58,45
396,71,71,120,13,41,54,117,52,106,412,315,695,607,212,64,65,51,25,140,65,186,219,80,23,69,161,124,18,56,12,11,69,93,77,8,32,46,38,305,35,117,64,49,48,119,25
399,122,80,141,13,37,45,122,42,86,366,253,593,563,183,69,87,49,24,96,60,135,258,81,23,46,179,108,29,59,11,13,73,99,75,5,41,70,31,388,64,158,87,32,48,96,22
347,91,72,133,24,29,49,131,45,88,309,204,509,426,188,74,49,23,15,110,48,124,219,51,7,56,148,75,21,47,10,8,35,61,50,7,31,45,22,245,40,105,85,40,21,65,27
217,63,54,120,13,18,28,98,65,78,312,207,453,476,171,87,43,34,16,90,39,99,232,46,17,67,125,59,14,31,8,9,24,46,57,9,19,42,25,244,48,101,103,37,34,51,10
202,108,80,138,25,29,59,97,52,94,327,243,506,445,240,81,63,17,11,81,47,117,248,46,17,63,153,52,24,35,3,3,18,40,42,12,23,56,24,247,72,115,112,43,9,59,16
158,117,96,165,43,26,37,76,42,65,323,277,491,432,207,69,49,17,10,81,54,132,221,53,13,54,108,64,13,42,3,7,22,24,36,11,19,54,20,244,51,114,111,28,9,22,10
128,114,77,152,34,29,37,58,49,47,188,208,417,309,200,62,32,10,9,70,41,75,173,40,8,42,96,56,26,28,6,14,21,35,62,9,20,62,17,233,77,134,73,28,20,36,11
119,125,58,136,40,20,26,54,48,38,189,173,386,253,193,59,36,17,1,68,61,83,161,29,11,33,94,35,15,29,4,3,9,27,43,7,17,45,19,216,88,107,104,18,23,21,12
111,111,65,121,48,30,28,55,51,39,156,153,434,322,179,59,43,10,8,59,58,72,174,29,9,28,89,34,17,31,1,8,10,28,42,14,10,45,21,238,104,105,98,15,14,23,12
88,106,64,101,30,15,37,35,36,46,170,122,374,309,139,59,41,7,5,50,38,77,182,22,14,35,91,25,25,12,2,7,4,15,25,16,7,66,34,204,92,82,109,24,12,15,6
46,106,63,70,40,8,30,27,29,39,123,92,305,241,106,48,50,7,8,37,47,68,175,18,9,21,71,25,15,19,2,4,1,23,15,16,10,38,20,184,103,80,93,20,27,31,15
30,78,64,58,45,12,30,38,27,22,107,78,246,191,81,38,45,3,3,28,25,52,137,9,11,23,84,34,11,10,0,5,2,19,24,21,18,36,7,136,113,60,78,13,29,30,3
15,61,40,60,26,4,24,23,17,31,92,52,203,128,57,42,26,8,3,28,26,42,97,12,4,16,77,16,7,6,2,0,3,14,12,15,16,32,15,164,105,47,69,20,19,22,8
4,23,11,10,3,0,5,6,3,3,13,3,27,22,14,10,9,0,0,5,1,6,10,5,2,3,6,2,0,0,0,0,0,2,6,2,7,4,8,40,18,7,21,6,4,8,6
9,16,18,23,7,0,6,6,6,10,31,24,53,40,13,16,12,2,3,9,12,12,52,9,5,4,32,5,6,0,0,1,0,9,7,3,3,14,2,56,28,10,18,12,7,8,3
6,16,10,12,12,1,5,4,3,5,26,20,26,26,11,8,4,1,2,5,5,9,27,7,3,5,13,6,2,1,0,6,2,10,16,7,3,6,13,33,30,4,30,8,9,17,4
2,17,7,13,16,0,5,3,2,10,36,25,20,23,12,10,2,3,0,7,4,10,24,3,0,8,21,7,6,0,3,3,4,7,9,2,2,11,12,55,21,16,41,9,1,17,14
3,27,4,16,11,3,12,2,3,7,39,35,46,22,9,4,2,0,0,3,4,4,21,3,3,6,14,2,3,0,2,0,3,14,8,1,3,3,18,52,20,11,34,5,10,20,2
3,23,10,16,7,1,6,5,3,6,30,11,24,22,8,9,1,0,0,1,8,11,12,5,1,6,18,5,10,0,3,0,1,7,20,0,1,5,12,41,19,23,30,7,12,13,3
2,25,15,19,7,2,2,3,5,5,23,16,24,13,4,7,0,2,0,0,2,10,16,4,6,12,16,4,4,0,0,0,2,4,7,0,2,1,2,46,9,25,20,10,1,12,3
4,17,18,21,14,1,0,1,1,3,24,2,15,16,2,7,1,0,0,0,3,2,17,4,3,7,13,2,4,0,1,0,2,4,7,2,3,4,6,36,9,21,22,3,2,20,2
2,8,21,26,14,2,1,0,3,0,19,4,12,14,1,0,3,4,0,0,4,0,15,3,1,4,9,8,5,1,2,0,1,3,2,1,1,2,5,25,5,7,20,5,8,23,5
6,10,21,14,4,2,3,2,1,0,13,3,14,9,2,1,2,1,0,0,2,4,10,4,2,5,4,0,1,2,0,1,3,3,3,0,0,0,9,23,5,4,20,2,12,12,8
0,6,16,15,15,1,9,2,2,6,15,8,20,12,1,3,2,1,0,4,1,2,9,0,1,11,10,1,1,7,1,1,1,4,6,0,0,0,6,21,3,7,16,4,15,20,4
3,11,23,19,17,0,4,4,0,2,16,8,8,5,2,0,1,0,0,1,1,2,15,3,0,5,7,5,1,2,0,0,3,3,5,0,0,1,6,24,12,6,12,2,2,11,2
1,4,23,15,8,0,3,0,1,3,6,2,10,6,1,0,2,0,1,1,0,0,7,2,0,3,10,3,6,1,1,0,0,0,3,1,0,4,12,33,10,8,19,2,0,15,2
0,7,11,4,6,0,1,1,0,2,14,1,7,5,1,0,4,2,0,4,1,0,7,1,2,2,12,1,5,1,1,0,0,1,3,1,0,0,11,15,3,6,16,1,0,18,1
2,8,4,8,3,1,1,2,0,1,11,3,7,3,2,0,3,0,0,5,1,1,10,0,1,2,7,2,6,0,0,0,4,2,0,0,0,0,6,6,2,6,18,4,2,20,0
3,10,1,7,9,0,2,1,0,1,8,1,7,5,1,0,0,0,0,2,1,3,1,1,0,5,13,2,12,0,0,0,3,0,3,0,0,0,4,11,4,4,20,1,3,13,1
3,5,1,4,2,1,4,0,0,0,5,3,7,3,2,0,0,0,0,1,0,1,3,1,0,3,8,4,4,0,0,1,0,1,1,0,1,0,6,6,6,3,5,1,0,11,0
1,5,2,4,2,0,2,1,2,0,11,3,6,4,1,0,0,0,0,5,0,1,3,0,2,1,8,1,0,2,0,2,1,2,1,4,2,2,3,10,4,1,7,1,3,17,0
1,0,2,0,1,1,0,1,1,0,7,3,7,6,1,0,1,0,0,5,0,3,3,1,3,7,4,2,0,0,0,0,4,1,3,2,0,0,2,10,1,4,8,1,1,15,4
5,2,2,2,1,1,1,1,6,0,15,4,13,12,0,0,0,2,0,0,0,13,10,3,4,4,14,7,3,0,3,1,7,0,5,0,1,0,1,3,1,4,4,2,5,9,3
4,5,2,2,1,2,1,3,1,1,10,4,14,5,2,0,0,1,0,0,1,6,5,1,1,7,5,9,1,0,1,1,5,5,2,2,1,0,10,9,2,2,6,3,7,12,2
3,3,0,3,2,1,0,2,0,5,7,6,18,14,2,0,1,1,0,3,2,8,17,2,5,7,24,11,4,0,0,2,5,7,5,0,3,1,7,12,1,7,6,8,5,9,5
6,7,2,14,2,1,4,8,6,7,22,12,25,22,5,1,0,2,0,3,3,13,17,2,5,12,15,17,4,2,2,2,5,0,5,1,4,3,2,22,3,1,12,7,5,15,5
4,7,3,3,5,2,6,10,11,5,28,21,35,39,12,0,1,2,6,3,5,7,14,7,7,13,18,14,4,2,1,3,4,3,5,0,4,1,3,42,6,5,17,7,2,8,1
5,4,5,12,0,2,10,12,4,5,26,20,36,21,8,1,0,1,3,2,2,9,14,3,7,13,26,15,4,1,6,1,5,4,3,2,2,2,15,28,3,7,12,12,4,11,2
3,3,4,10,3,2,0,2,3,4,20,10,27,21,3,2,0,4,4,3,5,6,11,1,10,10,15,21,5,2,2,1,8,4,3,2,6,3,10,13,2,3,20,6,6,24,6
10,1,5,11,1,3,3,2,5,6,25,12,58,25,3,0,2,0,2,3,4,6,20,0,10,13,16,13,5,3,0,3,4,5,3,3,3,2,13,36,1,6,13,3,7,45,4
10,4,6,8,13,4,3,13,9,4,29,18,44,15,4,0,2,4,1,7,3,7,14,0,1,8,14,8,2,0,0,1,5,5,6,4,2,0,8,55,1,10,29,1,8,41,5
7,0,9,9,6,1,1,4,10,4,17,3,33,19,3,3,2,2,1,2,6,12,9,3,3,1,13,10,5,1,0,5,4,5,10,6,5,0,26,47,2,9,18,1,6,34,8
10,0,7,6,3,1,1,4,3,6,18,9,19,14,11,0,1,4,2,6,3,7,9,5,3,8,15,6,2,2,1,2,11,6,9,3,1,0,22,28,5,9,26,2,7,53,8
13,5,14,2,13,7,3,8,6,12,14,10,35,22,22,4,0,1,3,4,6,15,11,6,1,10,15,10,8,0,2,3,11,9,8,2,2,5,32,22,7,4,24,4,10,48,6
13,7,15,10,13,5,3,3,6,6,20,9,21,31,16,6,2,3,2,4,5,11,12,2,4,4,18,19,8,2,4,1,31,6,18,3,2,1,28,41,14,1,27,7,9,66,6
15,2,6,5,6,0,5,8,2,2,18,9,21,12,8,2,0,3,0,6,1,7,3,1,3,6,8,14,2,1,2,3,20,6,6,1,5,0,10,28,3,5,15,7,7,32,10
9,1,6,12,18,6,7,8,13,3,20,16,41,38,7,4,1,3,0,6,3,10,13,1,6,9,18,33,4,3,2,6,14,10,12,1,5,3,10,19,6,15,28,6,4,43,16
10,3,10,7,15,2,3,6,3,6,18,11,26,15,5,8,2,2,2,5,3,3,4,2,5,7,15,16,3,1,8,0,26,13,15,1,2,2,18,22,1,3,29,7,7,64,8
9,8,6,4,9,0,6,8,5,5,12,14,27,22,17,1,5,0,3,3,2,5,7,1,4,4,23,13,3,0,2,1,28,5,7,0,2,2,40,31,2,4,33,7,17,66,12
11,3,14,4,2,4,3,5,2,3,14,9,28,16,23,1,6,2,2,3,1,4,14,0,4,8,18,15,5,0,2,1,21,0,7,0,1,4,41,20,3,3,21,2,9,58,20
7,2,11,4,3,5,1,4,2,1,12,6,29,16,6,4,9,1,3,2,0,3,9,0,1,2,16,19,2,2,0,1,34,15,4,0,3,1,29,14,0,1,16,2,12,41,28
3,1,5,2,1,5,4,6,3,0,18,4,12,14,3,0,8,0,0,0,1,4,4,0,3,3,11,7,1,0,0,0,22,36,9,0,5,1,49,13,0,1,7,2,7,43,41
1,0,2,1,0,4,13,1,1,1,14,9,20,18,3,1,12,1,1,2,0,5,5,1,1,1,13,7,1,0,10,4,21,24,3,1,1,1,50,11,0,1,3,3,11,36,43
2,0,1,3,4,3,7,2,1,4,10,7,10,14,1,0,24,0,0,1,0,1,1,0,1,1,3,8,1,0,11,4,27,43,8,0,6,0,43,22,0,1,7,4,22,57,63
5,0,1,2,0,8,19,11,1,2,4,4,8,10,2,2,7,0,0,0,1,2,5,0,3,8,10,10,3,0,5,6,14,35,3,1,7,1,36,24,2,3,15,0,12,39,67
2,0,0,2,0,5,10,5,1,0,6,6,3,4,0,3,7,1,0,0,1,2,2,2,1,1,4,4,0,0,4,1,9,40,3,1,4,2,32,37,0,0,9,0,13,70,63
4,2,0,0,1,4,18,1,1,2,4,3,15,4,0,0,2,1,0,1,0,1,2,0,1,3,3,3,0,0,1,3,4,55,0,1,4,1,36,13,0,1,23,2,38,79,50
4,1,0,1,0,4,8,3,0,1,3,1,7,2,0,2,5,0,0,1,0,1,0,0,0,4,5,2,0,0,2,1,4,48,0,1,5,1,25,16,0,0,17,2,30,71,45
3,0,1,0,0,0,10,6,1,0,9,0,8,2,0,1,2,1,0,0,0,0,0,0,0,8,4,1,0,0,3,5,4,46,1,0,9,1,26,20,0,0,17,0,43,62,32
1,0,1,2,1,1,10,3,2,0,5,1,11,3,2,1,2,1,0,0,0,1,0,2,1,4,7,7,0,0,5,3,9,59,1,1,18,2,35,19,2,0,27,1,49,45,38
0,0,2,0,0,1,16,11,1,0,2,1,8,2,1,0,0,1,0,0,1,1,1,0,0,6,9,1,1,0,7,1,5,48,0,1,12,0,64,10,4,0,35,0,41,31,31
1,1,2,2,1,0,9,11,3,2,1,1,8,2,4,0,2,2,0,0,0,2,0,3,1,1,5,2,1,0,8,9,4,64,4,2,22,2,51,8,2,2,55,0,46,37,32
1,0,0,1,2,1,2,8,1,1,3,3,6,3,1,0,0,1,0,2,1,3,1,1,2,2,3,6,0,0,7,4,9,55,1,1,10,1,43,2,2,1,59,0,59,23,35
1,1,0,0,2,4,2,2,2,0,3,2,8,3,1,0,0,3,0,0,0,0,4,1,1,3,3,4,1,0,3,12,15,50,3,2,11,3,17,23,1,2,37,0,60,13,20
2,0,1,1,2,1,5,6,4,0,7,2,3,1,1,0,1,2,0,0,1,1,1,0,2,1,4,5,1,0,6,12,5,36,0,2,19,3,14,6,3,2,32,0,51,12,20
1,0,1,1,2,4,0,1,3,0,3,5,5,3,0,1,0,0,0,1,2,0,3,1,1,0,0,0,1,0,6,10,3,8,1,0,7,7,7,3,2,1,12,0,41,9,8
0,0,1,0,1,0,1,1,1,0,1,5,6,1,0,0,1,0,0,1,0,1,2,0,2,1,2,3,0,0,2,12,5,10,1,0,7,1,11,9,0,1,10,0,16,5,0
1,0,0,0,3,0,2,2,2,0,5,1,7,0,0,1,0,0,0,0,0,0,1,1,0,3,8,2,0,0,4,22,1,13,1,0,2,2,7,3,0,1,21,1,20,12,13
2,0,0,3,0,1,1,1,2,1,1,3,7,2,0,1,0,0,0,1,0,1,1,0,2,2,4,0,0,1,3,12,2,15,0,0,2,6,12,5,0,11,7,3,11,7,8
1,1,0,1,0,0,0,5,2,0,2,0,4,2,0,0,0,0,0,0,0,0,3,1,1,2,2,2,0,0,2,8,3,9,0,0,0,1,7,6,5,7,14,0,12,8,7
0,0,0,2,0,1,0,2,4,1,4,1,4,2,1,2,0,0,0,0,0,1,4,0,1,2,6,1,1,0,1,6,2,12,0,0,1,1,1,2,7,2,9,0,11,10,3
0,1,1,1,0,0,0,1,0,1,3,2,6,4,1,1,0,0,0,0,0,0,2,0,2,1,0,2,0,0,0,6,2,15,0,0,2,2,2,2,8,2,5,0,6,5,1
1,1,0,1,0,0,0,2,3,0,2,1,4,2,0,0,0,0,0,0,0,3,2,0,0,2,3,2,0,0,0,0,1,12,0,0,2,1,6,5,5,5,3,0,5,4,3
0,1,0,1,0,0,2,1,0,3,0,0,6,3,0,0,0,0,0,1,0,3,2,0,0,1,5,0,0,0,0,1,3,10,1,0,0,1,6,4,0,1,6,0,2,6,2
1,0,0,1,0,0,0,2,0,1,1,0,5,3,1,0,0,0,0,4,3,0,1,0,1,1,2,2,0,0,0,0,2,4,0,0,0,1,11,3,0,3,3,0,2,2,0
0,1,0,3,0,0,0,0,0,0,1,0,0,2,0,0,0,0,0,0,0,0,1,0,1,0,2,1,0,0,1,1,1,2,1,0,1,0,1,3,0,0,10,0,4,2,6
0,0,0,0,0,0,1,0,1,2,2,3,6,3,1,1,0,0,0,0,0,0,5,1,0,5,3,3,0,0,0,0,1,1,0,0,0,1,0,2,1,3,6,0,2,3,4
0,0,0,1,0,0,1,1,0,3,2,0,5,0,0,1,0,0,0,1,0,1,1,0,0,2,3,1,0,0,0,0,1,0,2,0,0,0,1,7,0,3,7,0,0,1,2
0,0,1,0,0,0,2,1,1,0,4,0,6,4,1,0,0,0,0,1,0,0,2,0,1,0,3,3,0,0,0,0,3,1,0,0,0,0,1,5,0,8,2,0,2,2,0
1,0,0,0,0,2,0,5,0,1,5,6,0,0,6,0,0,0,0,0,0,1,2,1,1,1,4,3,0,0,0,0,0,1,2,0,1,2,2,3,0,2,12,0,0,3,1
0,1,0,2,0,0,0,1,1,4,3,0,3,5,0,1,0,0,0,2,0,5,3,1,1,2,9,0,0,0,0,1,1,0,1,0,2,2,3,6,0,1,13,0,0,2,0
0,0,0,2,0,1,1,0,0,2,5,1,6,1,1,0,0,0,0,1,0,2,3,1,1,1,6,4,1,0,1,1,2,1,1,1,3,1,4,5,1,3,12,1,2,4,1
2,0,0,1,0,0,2,2,0,2,3,0,5,3,1,0,0,0,0,1,0,0,3,1,1,1,2,3,1,0,1,0,2,2,0,2,2,1,0,4,0,0,11,1,0,2,0
0,1,0,1,0,1,2,3,1,0,8,6,16,10,3,0,1,0,1,2,2,2,4,0,0,5,15,6,2,1,0,0,3,1,2,0,6,0,3,9,0,1,20,3,0,8,1
0,0,0,1,1,0,1,4,4,2,9,5,19,15,3,5,0,1,0,1,0,6,6,2,1,4,13,14,6,1,0,6,7,4,2,1,9,4,1,15,2,5,44,4,5,6,5
3,0,1,4,2,0,2,5,3,3,9,9,16,6,0,2,0,0,1,1,1,4,6,1,2,3,9,5,6,1,2,1,9,4,3,0,6,2,5,23,8,0,42,3,3,12,0
0,2,0,6,1,2,0,4,7,1,21,10,18,6,5,1,3,0,1,1,5,13,8,1,4,3,12,11,7,0,1,0,6,3,3,0,6,1,2,23,1,2,24,3,3,6,2
1,1,5,4,1,5,5,11,2,4,20,8,37,19,6,0,4,0,1,2,1,4,9,5,3,14,16,13,14,1,0,2,1,6,3,0,4,2,3,19,3,3,59,6,9,6,1
4,1,1,5,2,6,4,4,2,3,15,6,40,21,12,1,4,2,1,3,3,4,6,2,3,6,11,13,5,0,2,2,4,6,4,1,1,1,11,11,0,2,127,3,4,12,1
2,0,7,4,0,1,1,6,3,3,18,6,17,16,8,2,1,1,1,2,4,5,7,0,7,7,10,11,3,0,0,2,1,1,1,1,0,3,3,15,1,0,162,3,4,10,2
8,1,6,12,2,4,2,4,2,2,14,4,22,7,7,1,1,1,0,2,1,2,8,0,12,11,12,7,1,0,2,5,1,8,0,1,2,5,19,25,1,0,160,1,5,12,0
7,1,33,6,1,3,4,3,1,2,12,8,37,14,8,2,2,1,1,4,1,2,5,1,10,2,19,15,1,0,1,4,7,7,6,1,2,5,22,36,2,4,168,1,2,19,5
6,4,15,7,0,1,3,8,4,4,16,12,21,14,3,1,1,0,2,3,1,2,14,1,18,4,6,21,4,0,2,2,8,5,5,2,0,1,38,31,3,5,205,2,7,30,2
9,0,38,4,2,2,2,8,2,3,15,4,14,12,0,4,2,2,0,4,2,3,9,0,7,1,11,9,7,1,1,1,5,2,4,1,1,2,27,14,0,5,162,2,7,55,2
9,3,30,9,1,7,2,4,2,2,12,11,15,22,6,0,0,2,4,5,10,2,13,3,13,6,11,13,3,2,1,1,15,3,5,0,1,2,61,32,3,4,131,8,9,80,0
17,4,60,7,4,4,5,4,2,1,11,12,12,18,5,4,0,3,1,2,8,3,6,3,0,4,10,12,4,1,3,0,5,6,5,0,0,1,45,61,1,5,142,7,18,158,0
13,2,52,4,0,2,4,2,1,0,8,3,10,7,4,0,1,4,1,0,2,3,5,3,5,7,7,12,1,1,0,1,4,5,3,1,0,3,67,52,0,1,145,9,7,147,3
6,3,73,11,0,2,2,3,1,4,11,16,17,16,3,2,1,2,0,4,2,6,9,2,5,1,13,26,3,0,0,2,6,3,2,0,0,8,94,110,0,3,207,18,53,145,3
8,0,148,16,2,3,5,4,3,2,26,11,22,19,5,0,2,1,4,4,1,3,13,3,9,14,34,54,1,1,0,3,7,9,8,0,3,20,114,260,7,4,310,53,95,195,2
12,1,175,25,3,2,3,9,5,1,11,12,12,24,3,3,2,2,0,2,1,2,5,1,8,24,43,96,2,1,1,1,11,13,24,0,4,16,90,401,4,35,323,62,143,216,2
5,0,160,30,0,1,4,0,0,1,13,16,19,22,2,0,0,4,0,2,3,3,4,2,16,10,62,132,9,0,4,1,28,14,24,0,4,47,71,515,17,35,360,84,130,258,1
2,0,117,34,2,1,2,4,1,4,17,8,30,26,2,0,6,4,0,4,3,5,5,4,19,33,87,191,0,1,0,2,50,19,63,0,11,64,83,700,22,18,306,164,136,263,1
5,0,121,41,1,5,2,3,4,3,18,11,47,18,4,0,15,0,0,1,6,5,5,0,28,34,147,236,18,1,1,2,68,20,92,0,11,65,67,969,23,34,279,304,183,212,0
4,0,65,47,0,0,5,4,2,3,12,17,50,9,1,0,22,1,1,2,1,3,4,0,10,45,305,206,23,1,0,1,116,22,168,2,16,94,50,1081,127,60,249,387,185,180,2
9,6,87,56,0,1,2,5,2,0,7,17,62,26,1,2,43,3,0,1,0,5,3,8,24,95,476,274,23,3,1,1,178,31,244,0,28,90,41,1391,201,121,261,508,218,267,4
12,5,84,68,1,0,3,7,3,5,7,9,95,27,0,10,31,4,0,4,7,11,2,10,24,92,632,303,25,15,3,3,205,62,330,0,40,111,21,1352,259,163,306,483,280,238,6
8,17,82,62,1,0,0,11,3,3,9,18,80,60,0,12,20,1,0,2,2,3,14,11,26,136,665,338,78,12,8,7,166,89,294,6,57,109,25,1032,222,294,270,353,312,181,11
4,18,46,56,0,3,1,6,5,0,19,13,90,58,3,30,40,3,0,7,0,3,6,19,29,187,691,380,75,21,7,9,194,84,224,15,125,95,8,689,204,298,292,224,310,175,24
7,24,31,33,0,0,0,18,8,4,22,27,123,99,3,45,64,8,1,10,3,9,15,50,21,229,841,400,66,30,24,13,213,60,166,31,120,98,3,522,173,191,300,154,327,192,27
15,31,14,34,0,1,8,19,10,7,33,32,181,142,14,63,78,6,0,5,1,5,16,60,39,169,710,318,78,27,15,18,117,56,130,71,151,138,3,327,147,173,233,120,304,227,46
36,52,9,57,6,2,9,20,3,13,63,30,275,170,23,87,94,16,1,11,0,12,42,82,37,181,806,364,154,53,41,27,172,140,112,126,184,139,8,290,149,205,266,157,230,338,51
16,28,10,35,5,12,3,19,11,21,56,30,249,181,30,73,106,19,4,10,1,8,42,95,40,144,663,234,122,89,37,36,134,133,86,90,170,95,4,170,128,133,187,109,174,339,65
26,39,16,56,1,4,21,39,24,24,64,29,222,183,39,51,90,13,10,5,4,16,49,82,27,142,486,167,85,65,27,82,111,143,41,75,138,97,4,115,71,74,158,105,125,348,67
20,40,13,36,0,5,16,42,34,24,60,44,197,150,45,50,69,10,17,2,11,8,46,79,45,126,391,152,81,73,51,97,76,183,35,77,160,75,3,113,48,40,130,78,124,342,65
12,25,10,17,1,10,13,44,34,26,62,43,180,128,33,61,57,14,8,9,23,19,61,80,45,126,272,130,59,47,85,116,49,161,29,78,79,61,2,142,34,46,99,56,89,297,90
20,29,5,20,4,8,13,28,26,21,69,27,151,130,48,25,39,24,4,4,35,19,51,80,31,82,186,108,55,48,49,141,45,181,28,68,51,67,4,63,47,23,79,41,57,298,99
14,9,4,6,1,7,10,17,21,9,24,16,57,67,48,24,28,21,5,7,21,8,25,34,9,29,77,47,24,23,25,90,31,118,19,27,31,36,0,30,22,6,44,21,26,156,66
16,16,1,15,1,7,3,9,19,4,20,18,55,55,55,23,11,15,3,9,4,13,32,34,9,15,38,36,18,21,36,42,17,85,12,23,24,22,1,27,34,2,32,8,24,131,73
11,17,1,7,2,5,9,8,24,6,30,16,54,58,35,20,3,21,7,22,15,8,24,15,7,19,49,17,8,7,42,62,13,61,9,17,14,8,1,27,11,5,33,22,10,135,39
8,25,7,14,1,3,23,8,31,4,40,14,49,38,35,9,9,25,1,11,12,8,13,8,10,14,29,27,3,9,34,77,9,57,14,16,17,5,0,37,10,13,31,25,15,127,30
5,18,4,5,1,5,28,6,18,21,14,13,62,52,26,19,8,23,8,14,3,10,9,9,2,13,22,16,1,12,26,49,13,55,14,6,5,5,1,18,6,9,12,25,16,80,32
2,15,2,11,0,1,25,2,19,5,10,12,40,32,36,20,7,23,1,9,3,19,13,7,4,2,8,7,9,5,15,38,20,45,2,5,3,3,0,15,3,4,7,27,9,47,14
6,3,1,2,0,2,8,1,12,10,4,8,25,16,39,1,0,26,3,3,4,4,7,7,5,3,5,19,2,4,31,24,14,24,6,4,0,1,0,5,2,8,10,15,5,25,18
2,6,1,1,0,0,5,1,8,9,7,5,11,9,22,7,2,21,1,1,4,2,5,5,4,1,0,6,0,4,19,11,2,15,1,2,1,0,2,6,2,0,8,15,2,25,19
4,5,0,2,0,0,4,2,13,10,5,2,3,4,15,0,3,40,0,4,7,3,2,2,0,11,1,2,0,2,5,5,1,12,0,3,1,1,2,3,3,4,0,13,1,27,11
2,2,2,0,0,0,4,4,10,11,2,2,2,9,10,1,0,33,1,4,0,3,4,0,1,6,4,4,1,0,4,5,0,22,0,1,1,0,1,5,1,2,1,11,1,8,13
1,2,0,0,0,0,2,2,4,5,3,1,5,4,7,0,0,24,1,1,0,0,3,0,0,12,2,1,1,0,5,3,0,10,2,0,1,1,0,5,0,3,0,2,0,23,36
1,0,0,2,0,0,0,1,16,6,4,3,4,5,14,0,0,25,0,4,0,0,9,0,3,7,4,6,0,0,2,2,3,9,2,0,3,0,0,9,0,4,0,4,0,26,31
5,0,0,1,0,0,0,0,6,4,1,5,4,8,4,1,1,27,1,0,0,2,5,0,1,2,2,4,0,0,7,8,0,6,0,0,0,0,0,10,0,1,0,1,0,12,47
0,1,1,0,0,0,1,4,8,2,2,2,4,6,1,0,0,44,1,0,1,0,2,1,1,2,0,2,0,1,4,3,2,7,1,0,1,2,0,4,0,1,2,3,2,9,57
1,1,1,0,0,0,0,1,5,11,7,3,9,6,5,0,1,46,0,0,0,1,3,0,3,1,2,4,3,0,2,3,1,10,0,1,0,1,1,5,0,0,1,3,0,16,55
1,2,1,2,0,0,0,5,12,11,10,10,14,8,6,0,0,40,2,0,2,5,3,2,1,1,6,11,3,1,1,1,1,27,0,0,0,1,0,1,0,5,2,5,3,18,53
1,0,0,4,0,0,1,11,8,16,15,9,12,10,4,2,2,58,0,0,0,11,5,6,0,0,12,5,6,1,4,2,1,36,1,0,0,0,2,5,1,1,7,4,2,38,71
1,0,2,3,0,2,1,13,4,20,6,10,24,7,16,2,1,45,0,1,1,9,7,7,2,9,11,10,5,1,3,3,4,38,2,0,1,0,2,6,2,1,3,4,3,46,102
0,0,1,1,1,0,1,5,6,14,8,6,10,6,7,6,1,44,0,2,1,8,8,0,2,2,7,4,1,0,4,3,1,22,5,1,0,2,0,6,2,1,4,3,2,33,95
1,0,1,5,0,1,0,5,4,6,9,3,13,6,9,14,0,40,0,3,1,7,8,2,4,2,10,6,3,1,0,2,2,4,4,1,1,1,0,12,2,1,6,12,2,40,127
1,0,1,4,0,0,1,10,14,10,33,16,23,30,9,23,2,57,0,1,2,2,2,8,3,10,9,6,0,1,5,10,5,19,1,0,0,0,4,7,1,3,5,13,7,53,171
1,1,1,6,0,3,2,14,9,20,35,18,50,27,22,12,1,44,0,8,4,7,12,10,5,6,22,25,4,2,6,14,2,7,7,0,0,1,1,21,7,1,7,9,6,49,111
6,1,1,6,0,0,2,25,13,29,35,42,51,39,17,39,0,55,0,10,2,15,11,8,7,10,22,12,5,0,6,9,3,11,1,1,3,3,1,30,9,5,7,18,12,67,93
4,1,1,4,0,0,1,23,9,42,28,80,66,47,22,21,0,27,0,8,2,12,20,6,1,5,13,11,3,0,8,28,6,11,0,1,0,1,2,45,5,16,8,36,14,66,103
14,1,2,5,0,0,9,34,19,50,53,119,94,58,60,19,1,45,1,5,2,7,10,2,7,12,16,20,3,0,15,37,5,46,5,0,3,0,4,76,13,12,3,35,27,80,102
33,3,1,14,13,3,8,69,16,68,109,237,183,139,105,28,1,79,7,19,4,26,17,19,20,11,25,22,7,1,12,52,20,50,9,0,1,1,2,94,17,28,21,42,23,113,109
69,4,4,31,20,5,23,128,43,114,209,465,315,178,154,44,3,109,18,22,2,58,51,18,23,25,59,38,6,2,28,41,26,86,7,1,5,0,0,94,21,32,68,63,66,165,119
92,19,3,34,61,3,20,139,37,129,326,648,556,397,294,28,5,97,27,57,8,113,84,43,60,26,106,73,7,1,28,38,29,143,16,0,8,6,1,87,29,38,64,61,87,191,155
238,20,8,58,66,2,34,189,72,154,569,832,638,460,484,70,35,105,44,95,2,184,159,37,55,14,95,84,19,6,23,28,24,162,21,0,9,4,3,86,50,56,71,51,73,174,124
271,35,12,90,100,15,62,223,105,158,749,840,781,578,557,85,36,83,49,162,12,253,245,42,54,38,92,95,10,3,13,30,16,191,30,8,11,7,2,51,32,52,79,55,85,123,64
495,58,28,192,148,53,120,237,126,328,952,943,1216,948,756,94,74,104,62,200,59,356,372,57,105,46,133,101,32,17,16,16,24,279,30,14,17,5,3,71,11,69,49,65,121,133,87
682,118,51,280,178,92,176,276,205,335,1115,896,1233,1108,582,100,60,75,62,238,62,380,538,58,116,72,129,113,44,13,22,21,37,176,34,15,30,12,14,60,20,138,39,63,56,113,70
674,73,54,270,143,113,226,175,120,203,707,484,1021,778,345,49,46,33,39,203,73,301,548,101,113,48,115,93,31,17,19,18,33,131,25,2,13,12,7,62,16,109,37,45,47,75,64
977,152,107,410,123,151,219,133,140,151,608,445,934,900,289,71,70,41,30,157,120,342,631,87,73,41,153,134,44,16,10,13,29,97,16,15,18,24,18,91,8,79,35,37,32,76,49
993,204,178,511,157,313,339,129,134,177,789,477,1298,1175,248,68,76,24,61,249,129,377,695,126,92,56,310,177,64,9,7,21,47,79,18,23,10,16,28,144,17,88,47,59,67,56,35
896,190,192,608,172,508,376,156,176,163,848,480,1439,1188,243,76,109,12,67,317,220,562,872,123,141,106,356,226,65,23,9,23,45,88,35,21,16,21,23,157,16,108,64,80,54,43,20
780,163,246,716,160,500,335,127,197,130,932,466,1365,1079,176,114,109,9,82,334,210,559,941,129,134,138,453,209,101,36,12,31,44,50,34,20,7,26,17,190,19,81,87,90,39,67,30
504,204,200,635,103,396,342,139,179,170,782,387,1272,939,170,87,108,6,55,307,204,462,939,161,115,117,437,242,58,52,13,25,43,46,51,19,10,39,16,203,17,80,98,79,36,72,29
268,111,141,332,32,189,205,81,121,139,527,247,772,653,141,51,72,3,21,178,147,277,668,93,61,151,370,162,47,46,11,19,41,59,41,31,10,28,15,188,13,70,90,43,41,68,28
170,136,90,271,23,106,154,66,104,114,448,212,757,551,99,49,84,2,19,146,142,239,592,85,68,147,407,168,33,34,4,35,38,45,44,8,4,40,19,175,21,56,63,40,32,58,20
130,102,81,178,21,79,122,59,67,111,346,142,510,393,59,43,99,2,32,112,128,114,396,82,50,198,401,216,59,31,2,46,45,63,51,10,8,67,23,218,37,104,74,32,54,62,29
105,80,59,85,8,36,83,50,55,88,272,137,337,335,54,35,74,3,31,75,104,74,320,73,33,141,374,199,31,33,4,19,43,57,46,13,21,59,31,167,15,59,77,35,39,56,17
53,69,60,68,3,22,64,37,55,76,198,93,356,302,29,38,51,5,29,49,74,76,184,48,37,163,336,208,44,30,2,26,48,41,34,14,17,78,29,186,27,43,79,52,38,48,30
64,55,32,33,2,12,45,26,35,38,158,73,280,191,21,38,47,0,21,45,64,40,93,30,18,113,251,162,41,29,4,29,58,29,26,6,15,107,15,163,22,55,86,63,45,60,29
42,36,27,18,3,7,14,33,45,45,87,77,170,162,18,19,63,1,13,23,27,27,69,14,32,115,244,132,35,37,5,29,54,44,11,14,13,110,16,135,10,75,79,29,41,42,26
29,46,18,28,1,4,16,10,29,24,66,53,126,96,17,28,51,0,12,10,19,22,47,12,19,106,214,132,46,15,5,34,54,26,15,15,12,101,16,143,9,58,62,27,43,62,33
19,18,18,21,0,6,5,5,6,14,56,33,83,57,14,14,34,1,4,26,28,24,31,7,6,93,188,122,17,31,11,36,72,21,26,11,20,95,14,105,11,72,93,28,33,46,49
8,11,1,15,2,2,7,0,22,14,37,23,90,78,1,6,35,1,6,12,7,14,34,8,26,73,170,106,27,38,8,21,28,12,24,14,16,75,19,113,37,71,87,23,20,31,40
10,10,2,22,0,2,9,7,11,5,26,37,65,58,1,12,34,0,7,11,16,25,28,3,13,71,164,70,22,30,14,21,34,8,48,13,12,49,27,111,36,39,55,26,30,37,37
8,7,1,15,0,1,1,10,11,5,27,28,64,64,2,4,25,4,5,6,9,35,26,1,4,58,181,69,27,38,13,8,36,9,36,9,10,36,27,84,38,36,63,21,32,43,37
9,6,3,13,0,1,3,8,7,0,20,13,46,71,5,1,25,5,10,10,10,21,13,5,15,38,122,64,49,40,2,21,15,10,28,7,3,24,26,56,15,38,30,15,29,28,23
15,1,1,7,0,2,1,1,5,0,7,17,38,36,3,1,34,6,4,8,1,15,16,9,14,62,86,66,36,20,5,5,33,19,14,12,1,17,12,77,27,36,43,17,25,31,25
1,0,0,1,0,2,3,1,2,1,8,2,19,17,1,4,21,0,2,2,0,7,21,1,3,26,49,25,28,18,5,3,10,11,4,9,3,20,14,53,5,17,31,12,25,20,25
6,1,2,2,0,0,0,1,0,2,4,4,13,9,1,2,12,4,0,1,2,4,12,1,1,12,30,30,10,9,1,4,8,7,4,5,3,10,8,37,5,6,15,6,0,16,12
1,0,2,0,0,0,0,0,0,3,6,4,9,9,2,2,8,14,0,3,0,0,6,1,2,14,9,23,12,4,1,8,3,3,0,6,0,8,6,31,12,14,12,0,7,14,23
4,0,1,0,0,0,2,0,3,1,3,2,9,9,1,0,4,9,0,4,0,2,5,0,4,22,26,27,13,4,5,8,7,3,3,3,0,4,8,33,19,12,15,2,8,19,28
1,1,0,2,1,1,0,0,9,1,8,1,6,9,6,1,9,11,0,2,1,2,2,0,3,3,19,32,4,3,0,15,6,2,5,11,0,1,5,37,6,15,10,1,7,30,33
4,0,0,1,1,2,1,1,6,0,9,0,12,8,9,0,4,19,0,0,2,0,3,1,5,6,13,31,2,2,0,10,3,3,2,9,0,1,6,38,4,17,9,1,2,12,34
6,1,0,0,1,2,2,0,2,0,13,0,17,7,5,2,3,7,0,1,0,2,1,0,0,7,17,18,12,2,0,5,5,1,4,3,0,0,5,18,1,17,6,0,2,15,54
0,2,0,1,3,2,1,1,2,1,14,2,16,4,4,0,5,12,1,0,1,1,3,1,0,7,13,23,3,2,0,2,4,0,3,1,0,0,7,18,3,4,4,0,1,9,61
2,0,0,0,0,1,0,0,0,0,6,1,10,1,2,1,6,10,0,0,3,1,3,2,1,3,8,16,1,0,0,3,7,1,2,0,0,1,6,19,2,2,5,1,0,4,75
3,2,0,0,1,3,0,7,0,2,3,1,3,3,0,0,2,10,0,0,1,1,3,3,1,2,7,9,3,0,1,1,7,1,0,0,0,0,2,17,13,0,1,1,0,6,86
5,1,2,3,0,0,0,3,0,1,5,2,5,10,0,0,1,10,0,0,2,2,1,1,0,1,4,9,3,0,0,8,4,5,0,0,0,0,7,27,2,7,2,0,0,2,81
1,1,2,1,0,0,0,3,1,1,4,2,11,8,1,0,8,4,3,1,2,2,3,1,2,5,12,6,2,1,0,0,7,0,0,0,0,1,6,8,2,5,1,2,3,4,97
1,0,1,0,0,1,0,5,0,0,7,0,6,9,1,0,4,1,0,0,4,3,4,1,0,5,13,11,1,0,0,4,2,0,1,0,1,1,5,8,5,0,2,2,0,4,119
0,0,3,0,0,1,2,5,0,1,3,5,7,8,0,1,5,5,0,0,4,8,8,2,0,1,7,5,0,2,0,0,6,0,1,0,0,1,9,17,5,9,2,2,4,8,130
0,0,2,1,0,1,0,4,1,1,11,1,11,4,0,0,7,10,1,0,2,7,7,0,2,3,6,12,2,2,1,0,12,3,0,0,1,2,7,11,1,16,2,1,1,6,133
0,1,2,0,0,0,1,5,0,1,15,12,35,8,2,0,3,8,3,3,5,11,15,2,0,2,21,15,5,0,4,1,7,1,3,0,0,3,4,20,2,11,3,1,12,11,159
5,0,0,0,0,0,4,17,1,2,24,26,52,9,0,3,7,19,0,1,5,11,10,0,1,6,31,23,10,0,2,2,28,3,0,0,1,1,5,39,4,23,10,3,10,45,176
3,2,0,1,0,0,0,24,3,7,21,20,35,10,2,0,21,18,0,0,4,8,18,0,1,4,29,30,17,1,2,3,21,1,2,0,3,0,3,30,2,14,11,3,18,28,162
0,1,0,0,0,0,0,24,0,4,27,21,33,12,1,2,6,20,0,0,2,13,13,3,0,8,33,24,7,1,5,4,18,3,1,0,1,1,4,39,1,11,4,8,29,10,98
1,6,0,2,1,0,0,28,1,7,46,18,44,31,3,8,15,12,0,1,2,26,20,2,6,6,28,34,7,1,1,4,21,1,7,0,0,1,4,28,2,17,14,7,22,11,80
9,5,6,1,1,1,3,39,6,8,56,40,80,38,11,9,17,11,5,3,4,35,22,1,3,15,38,58,13,2,3,8,36,9,7,4,4,2,1,32,0,13,14,9,32,22,55
6,20,2,7,0,1,2,77,3,8,76,41,95,64,22,16,11,10,0,8,1,38,33,5,8,12,71,76,12,2,3,13,35,16,15,10,9,6,2,89,5,24,14,23,51,45,46
6,10,16,17,2,3,6,126,10,3,135,85,102,76,22,22,15,13,2,10,13,54,34,5,11,17,92,66,20,4,2,20,60,11,34,13,23,9,0,105,12,19,11,25,79,45,29
6,23,30,23,1,3,19,215,19,14,235,99,170,98,46,29,12,31,8,10,3,78,52,20,27,25,90,42,16,3,3,22,82,15,42,18,19,7,2,121,12,33,21,53,93,44,23
14,25,29,52,0,6,24,262,29,12,214,144,191,106,57,38,11,38,8,15,13,88,47,23,20,32,126,71,22,7,6,37,80,27,57,18,26,9,1,134,17,30,23,69,86,46,22
36,16,39,77,12,5,42,276,41,27,298,144,188,127,88,20,22,36,11,11,32,90,55,39,14,27,124,79,21,3,18,48,93,32,86,27,28,13,6,154,34,28,23,57,69,48,15
31,11,37,57,10,12,70,240,58,28,263,117,145,156,105,48,21,44,6,34,32,82,50,20,21,20,121,90,12,3,9,87,108,43,85,25,27,8,8,243,27,32,36,53,71,65,7
56,16,61,86,17,19,92,256,75,31,293,102,207,150,158,33,38,44,13,20,28,80,44,9,35,36,85,93,10,4,32,114,123,45,125,19,27,10,12,299,29,41,49,63,79,81,8
48,18,95,118,29,18,89,254,96,11,297,114,143,158,208,34,47,58,16,42,26,82,43,17,36,31,92,80,9,7,28,130,159,65,135,20,46,19,23,403,44,66,60,97,80,80,9
42,19,59,80,24,22,87,218,88,22,287,162,151,134,329,43,64,96,8,28,12,71,50,26,27,34,61,83,13,11,37,113,214,62,127,24,25,22,32,453,45,58,73,71,115,55,6
77,30,51,102,28,28,111,182,94,27,216,121,170,140,383,67,77,85,2,20,17,60,33,23,26,34,85,97,6,8,42,156,164,86,137,17,24,14,39,443,66,75,86,81,106,59,6
60,18,47,103,38,27,101,177,83,17,203,105,158,139,378,62,67,76,8,24,7,57,48,19,28,22,89,99,13,12,57,129,145,83,174,15,35,16,35,354,71,59,90,65,158,43,1
41,16,36,61,30,20,70,135,77,21,123,59,119,109,242,18,75,54,1,11,18,55,39,24,26,18,50,84,16,9,43,131,107,71,124,11,25,16,22,242,57,43,71,63,93,23,2
22,10,23,50,19,20,65,88,71,19,133,63,113,115,130,22,34,47,6,13,15,29,24,12,9,15,34,56,7,6,44,61,86,83,93,11,21,18,16,231,56,29,60,54,73,26,7
56,20,12,64,15,32,87,123,78,24,186,80,206,125,140,28,20,41,9,22,9,31,40,13,18,21,53,96,9,7,50,55,72,132,71,18,26,12,28,372,64,52,124,64,98,40,2
71,29,32,111,19,41,145,160,105,41,246,155,259,225,173,51,70,46,10,38,22,42,78,30,30,48,80,106,18,6,50,61,87,171,80,15,63,16,26,501,117,74,159,59,157,70,10
58,36,38,86,23,47,171,123,89,77,286,130,338,300,176,49,44,52,9,19,26,58,89,35,35,16,64,77,21,10,51,72,75,190,81,19,64,23,28,465,126,67,152,56,166,92,17
73,38,26,108,23,61,204,111,106,113,274,174,469,302,196,82,42,46,12,23,14,55,97,55,38,46,72,97,13,6,58,86,68,166,89,10,53,30,39,432,128,95,142,71,132,77,36
72,32,18,121,26,42,179,68,109,84,257,154,429,279,159,82,42,52,19,24,24,47,64,33,27,32,91,106,17,4,40,61,68,145,95,17,35,36,49,338,122,102,109,51,96,68,24
73,38,17,139,36,43,171,73,134,128,334,302,517,461,229,85,34,66,18,14,32,70,102,51,36,101,126,163,18,16,64,78,104,192,120,21,48,44,87,446,141,105,166,63,141,67,43
39,41,37,149,36,40,157,68,108,127,311,242,546,370,286,106,22,115,9,14,17,65,75,47,18,58,101,107,21,10,56,74,73,166,69,21,53,34,62,401,118,54,164,68,121,62,41
29,30,6,76,25,42,103,70,106,103,330,197,417,328,173,65,25,61,8,32,16,46,98,35,15,40,74,94,19,13,17,37,37,96,38,16,44,25,39,239,46,75,130,40,108,52,45
24,23,13,46,33,59,53,58,103,107,201,160,317,252,179,48,19,38,19,28,15,44,51,21,21,48,87,73,10,10,28,29,53,81,26,24,27,20,39,225,60,75,114,45,89,86,48
34,23,25,39,37,43,36,41,63,75,142,114,184,230,135,47,16,56,14,24,7,38,42,16,19,26,97,64,10,13,29,21,62,68,42,18,17,24,30,174,50,79,107,63,72,64,67
22,14,27,26,42,41,22,40,49,57,129,128,133,165,141,45,27,49,13,25,8,29,35,17,29,29,75,65,14,15,17,17,68,63,19,7,24,28,12,131,38,56,84,40,65,71,47
29,24,35,38,68,36,17,31,42,66,114,108,171,174,90,41,20,45,16,30,3,27,34,12,18,26,108,67,25,14,25,10,66,45,31,6,10,18,14,118,49,89,60,33,68,86,44
17,30,27,43,56,42,20,59,76,81,128,96,192,164,80,38,30,35,13,17,9,31,40,29,29,24,122,65,18,8,23,13,44,40,33,11,41,48,20,93,53,74,64,37,53,100,32
12,14,22,25,42,34,9,38,43,68,108,61,162,95,85,17,26,41,9,31,10,30,36,24,38,19,120,53,16,8,16,22,33,29,27,8,22,47,13,72,31,48,67,16,56,79,42
14,25,25,26,42,22,14,15,43,57,65,47,118,84,52,18,23,29,10,19,2,21,42,24,31,32,102,49,12,8,11,13,19,37,15,8,29,26,9,62,17,28,46,25,58,80,25
6,12,18,13,51,32,11,14,18,46,56,32,111,87,40,22,9,22,18,19,10,17,28,5,29,49,93,67,16,8,9,12,17,23,13,17,14,43,22,56,15,30,34,11,68,67,31
6,22,16,11,22,16,8,12,28,40,60,34,97,100,34,22,22,22,15,11,13,10,22,2,32,34,130,53,33,17,3,10,17,31,8,15,3,48,3,61,9,32,36,18,59,78,31
7,7,18,19,18,15,4,10,13,38,46,14,87,73,29,8,18,15,8,5,8,8,24,5,26,33,119,46,28,19,0,2,17,21,6,4,15,47,4,60,17,24,26,23,54,80,26
1,6,11,9,11,18,2,4,13,28,21,16,60,44,23,10,5,15,5,7,5,9,19,8,10,18,87,37,34,7,5,3,12,13,11,5,8,36,2,41,11,24,26,15,50,62,22
